Copyright 1986-2022 Xilinx, Inc. All Rights Reserved. Copyright 2022-2023 Advanced Micro Devices, Inc. All Rights Reserved.
---------------------------------------------------------------------------------------------------------------------------------------------------------------------------------------------------------------------------------
| Tool Version : Vivado v.2023.1 (win64) Build 3865809 Sun May  7 15:05:29 MDT 2023
| Date         : Tue Sep  8 14:11:20 2026
| Host         : CuestasStudio running 64-bit major release  (build 9200)
| Command      : report_timing_summary -max_paths 10 -report_unconstrained -file blinking_led_timing_summary_routed.rpt -pb blinking_led_timing_summary_routed.pb -rpx blinking_led_timing_summary_routed.rpx -warn_on_violation
| Design       : blinking_led
| Device       : 7z010-clg400
| Speed File   : -3  PRODUCTION 1.12 2019-11-22
| Design State : Routed
---------------------------------------------------------------------------------------------------------------------------------------------------------------------------------------------------------------------------------

Timing Summary Report

------------------------------------------------------------------------------------------------
| Timer Settings
| --------------
------------------------------------------------------------------------------------------------

  Enable Multi Corner Analysis               :  Yes
  Enable Pessimism Removal                   :  Yes
  Pessimism Removal Resolution               :  Nearest Common Node
  Enable Input Delay Default Clock           :  No
  Enable Preset / Clear Arcs                 :  No
  Disable Flight Delays                      :  No
  Ignore I/O Paths                           :  No
  Timing Early Launch at Borrowing Latches   :  No
  Borrow Time for Max Delay Exceptions       :  Yes
  Merge Timing Exceptions                    :  Yes

  Corner  Analyze    Analyze    
  Name    Max Paths  Min Paths  
  ------  ---------  ---------  
  Slow    Yes        Yes        
  Fast    Yes        Yes        


------------------------------------------------------------------------------------------------
| Report Methodology
| ------------------
------------------------------------------------------------------------------------------------

Rule       Severity  Description                    Violations  
---------  --------  -----------------------------  ----------  
TIMING-18  Warning   Missing input or output delay  3           

Note: This report is based on the most recent report_methodology run and may not be up-to-date. Run report_methodology on the current design for the latest report.



check_timing report

Table of Contents
-----------------
1. checking no_clock (0)
2. checking constant_clock (0)
3. checking pulse_width_clock (0)
4. checking unconstrained_internal_endpoints (0)
5. checking no_input_delay (2)
6. checking no_output_delay (1)
7. checking multiple_clock (0)
8. checking generated_clocks (0)
9. checking loops (0)
10. checking partial_input_delay (0)
11. checking partial_output_delay (0)
12. checking latch_loops (0)

1. checking no_clock (0)
------------------------
 There are 0 register/latch pins with no clock.


2. checking constant_clock (0)
------------------------------
 There are 0 register/latch pins with constant_clock.


3. checking pulse_width_clock (0)
---------------------------------
 There are 0 register/latch pins which need pulse_width check


4. checking unconstrained_internal_endpoints (0)
------------------------------------------------
 There are 0 pins that are not constrained for maximum delay.

 There are 0 pins that are not constrained for maximum delay due to constant clock.


5. checking no_input_delay (2)
------------------------------
 There are 2 input ports with no input delay specified. (HIGH)

 There are 0 input ports with no input delay but user has a false path constraint.


6. checking no_output_delay (1)
-------------------------------
 There is 1 port with no output delay specified. (HIGH)

 There are 0 ports with no output delay but user has a false path constraint

 There are 0 ports with no output delay but with a timing clock defined on it or propagating through it


7. checking multiple_clock (0)
------------------------------
 There are 0 register/latch pins with multiple clocks.


8. checking generated_clocks (0)
--------------------------------
 There are 0 generated clocks that are not connected to a clock source.


9. checking loops (0)
---------------------
 There are 0 combinational loops in the design.


10. checking partial_input_delay (0)
------------------------------------
 There are 0 input ports with partial input delay specified.


11. checking partial_output_delay (0)
-------------------------------------
 There are 0 ports with partial output delay specified.


12. checking latch_loops (0)
----------------------------
 There are 0 combinational latch loops in the design through latch input



------------------------------------------------------------------------------------------------
| Design Timing Summary
| ---------------------
------------------------------------------------------------------------------------------------

    WNS(ns)      TNS(ns)  TNS Failing Endpoints  TNS Total Endpoints      WHS(ns)      THS(ns)  THS Failing Endpoints  THS Total Endpoints     WPWS(ns)     TPWS(ns)  TPWS Failing Endpoints  TPWS Total Endpoints  
    -------      -------  ---------------------  -------------------      -------      -------  ---------------------  -------------------     --------     --------  ----------------------  --------------------  
      4.845        0.000                      0                   53        0.271        0.000                      0                   53        3.500        0.000                       0                    28  


All user specified timing constraints are met.


------------------------------------------------------------------------------------------------
| Clock Summary
| -------------
------------------------------------------------------------------------------------------------

Clock        Waveform(ns)         Period(ns)      Frequency(MHz)
-----        ------------         ----------      --------------
sys_clk_pin  {0.000 4.000}        8.000           125.000         


------------------------------------------------------------------------------------------------
| Intra Clock Table
| -----------------
------------------------------------------------------------------------------------------------

Clock             WNS(ns)      TNS(ns)  TNS Failing Endpoints  TNS Total Endpoints      WHS(ns)      THS(ns)  THS Failing Endpoints  THS Total Endpoints     WPWS(ns)     TPWS(ns)  TPWS Failing Endpoints  TPWS Total Endpoints  
-----             -------      -------  ---------------------  -------------------      -------      -------  ---------------------  -------------------     --------     --------  ----------------------  --------------------  
sys_clk_pin         4.845        0.000                      0                   53        0.271        0.000                      0                   53        3.500        0.000                       0                    28  


------------------------------------------------------------------------------------------------
| Inter Clock Table
| -----------------
------------------------------------------------------------------------------------------------

From Clock    To Clock          WNS(ns)      TNS(ns)  TNS Failing Endpoints  TNS Total Endpoints      WHS(ns)      THS(ns)  THS Failing Endpoints  THS Total Endpoints  
----------    --------          -------      -------  ---------------------  -------------------      -------      -------  ---------------------  -------------------  


------------------------------------------------------------------------------------------------
| Other Path Groups Table
| -----------------------
------------------------------------------------------------------------------------------------

Path Group    From Clock    To Clock          WNS(ns)      TNS(ns)  TNS Failing Endpoints  TNS Total Endpoints      WHS(ns)      THS(ns)  THS Failing Endpoints  THS Total Endpoints  
----------    ----------    --------          -------      -------  ---------------------  -------------------      -------      -------  ---------------------  -------------------  


------------------------------------------------------------------------------------------------
| User Ignored Path Table
| -----------------------
------------------------------------------------------------------------------------------------

Path Group    From Clock    To Clock    
----------    ----------    --------    


------------------------------------------------------------------------------------------------
| Unconstrained Path Table
| ------------------------
------------------------------------------------------------------------------------------------

Path Group    From Clock    To Clock    
----------    ----------    --------    
(none)        sys_clk_pin                 
(none)                      sys_clk_pin   


------------------------------------------------------------------------------------------------
| Timing Details
| --------------
------------------------------------------------------------------------------------------------


---------------------------------------------------------------------------------------------------
From Clock:  sys_clk_pin
  To Clock:  sys_clk_pin

Setup :            0  Failing Endpoints,  Worst Slack        4.845ns,  Total Violation        0.000ns
Hold  :            0  Failing Endpoints,  Worst Slack        0.271ns,  Total Violation        0.000ns
PW    :            0  Failing Endpoints,  Worst Slack        3.500ns,  Total Violation        0.000ns
---------------------------------------------------------------------------------------------------


Max Delay Paths
--------------------------------------------------------------------------------------
Slack (MET) :             4.845ns  (required time - arrival time)
  Source:                 counter_reg[17]/C
                            (rising edge-triggered cell FDRE clocked by sys_clk_pin  {rise@0.000ns fall@4.000ns period=8.000ns})
  Destination:            counter_reg[20]/R
                            (rising edge-triggered cell FDRE clocked by sys_clk_pin  {rise@0.000ns fall@4.000ns period=8.000ns})
  Path Group:             sys_clk_pin
  Path Type:              Setup (Max at Slow Process Corner)
  Requirement:            8.000ns  (sys_clk_pin rise@8.000ns - sys_clk_pin rise@0.000ns)
  Data Path Delay:        2.780ns  (logic 0.625ns (22.482%)  route 2.155ns (77.518%))
  Logic Levels:           2  (LUT6=2)
  Clock Path Skew:        -0.026ns (DCD - SCD + CPR)
    Destination Clock Delay (DCD):    3.933ns = ( 11.933 - 8.000 ) 
    Source Clock Delay      (SCD):    4.300ns
    Clock Pessimism Removal (CPR):    0.341ns
  Clock Uncertainty:      0.035ns  ((TSJ^2 + TIJ^2)^1/2 + DJ) / 2 + PE
    Total System Jitter     (TSJ):    0.071ns
    Total Input Jitter      (TIJ):    0.000ns
    Discrete Jitter          (DJ):    0.000ns
    Phase Error              (PE):    0.000ns

    Location             Delay type                Incr(ns)  Path(ns)    Netlist Resource(s)
  -------------------------------------------------------------------    -------------------
                         (clock sys_clk_pin rise edge)
                                                      0.000     0.000 r  
    K17                                               0.000     0.000 r  sysclk (IN)
                         net (fo=0)                   0.000     0.000    sysclk
    K17                  IBUF (Prop_ibuf_I_O)         1.340     1.340 r  sysclk_IBUF_inst/O
                         net (fo=1, routed)           1.559     2.899    sysclk_IBUF
    BUFGCTRL_X0Y16       BUFG (Prop_bufg_I_O)         0.079     2.978 r  sysclk_IBUF_BUFG_inst/O
                         net (fo=27, routed)          1.322     4.300    sysclk_IBUF_BUFG
    SLICE_X43Y55         FDRE                                         r  counter_reg[17]/C
  -------------------------------------------------------------------    -------------------
    SLICE_X43Y55         FDRE (Prop_fdre_C_Q)         0.313     4.613 f  counter_reg[17]/Q
                         net (fo=2, routed)           0.719     5.332    counter[17]
    SLICE_X43Y55         LUT6 (Prop_lut6_I1_O)        0.215     5.547 r  counter[25]_i_5/O
                         net (fo=2, routed)           0.602     6.148    counter[25]_i_5_n_0
    SLICE_X43Y53         LUT6 (Prop_lut6_I2_O)        0.097     6.245 r  counter[25]_i_1/O
                         net (fo=27, routed)          0.834     7.080    counter[25]_i_1_n_0
    SLICE_X43Y56         FDRE                                         r  counter_reg[20]/R
  -------------------------------------------------------------------    -------------------

                         (clock sys_clk_pin rise edge)
                                                      8.000     8.000 r  
    K17                                               0.000     8.000 r  sysclk (IN)
                         net (fo=0)                   0.000     8.000    sysclk
    K17                  IBUF (Prop_ibuf_I_O)         1.273     9.273 r  sysclk_IBUF_inst/O
                         net (fo=1, routed)           1.409    10.681    sysclk_IBUF
    BUFGCTRL_X0Y16       BUFG (Prop_bufg_I_O)         0.072    10.753 r  sysclk_IBUF_BUFG_inst/O
                         net (fo=27, routed)          1.179    11.933    sysclk_IBUF_BUFG
    SLICE_X43Y56         FDRE                                         r  counter_reg[20]/C
                         clock pessimism              0.341    12.274    
                         clock uncertainty           -0.035    12.239    
    SLICE_X43Y56         FDRE (Setup_fdre_C_R)       -0.314    11.925    counter_reg[20]
  -------------------------------------------------------------------
                         required time                         11.925    
                         arrival time                          -7.080    
  -------------------------------------------------------------------
                         slack                                  4.845    

Slack (MET) :             4.845ns  (required time - arrival time)
  Source:                 counter_reg[17]/C
                            (rising edge-triggered cell FDRE clocked by sys_clk_pin  {rise@0.000ns fall@4.000ns period=8.000ns})
  Destination:            counter_reg[21]/R
                            (rising edge-triggered cell FDRE clocked by sys_clk_pin  {rise@0.000ns fall@4.000ns period=8.000ns})
  Path Group:             sys_clk_pin
  Path Type:              Setup (Max at Slow Process Corner)
  Requirement:            8.000ns  (sys_clk_pin rise@8.000ns - sys_clk_pin rise@0.000ns)
  Data Path Delay:        2.780ns  (logic 0.625ns (22.482%)  route 2.155ns (77.518%))
  Logic Levels:           2  (LUT6=2)
  Clock Path Skew:        -0.026ns (DCD - SCD + CPR)
    Destination Clock Delay (DCD):    3.933ns = ( 11.933 - 8.000 ) 
    Source Clock Delay      (SCD):    4.300ns
    Clock Pessimism Removal (CPR):    0.341ns
  Clock Uncertainty:      0.035ns  ((TSJ^2 + TIJ^2)^1/2 + DJ) / 2 + PE
    Total System Jitter     (TSJ):    0.071ns
    Total Input Jitter      (TIJ):    0.000ns
    Discrete Jitter          (DJ):    0.000ns
    Phase Error              (PE):    0.000ns

    Location             Delay type                Incr(ns)  Path(ns)    Netlist Resource(s)
  -------------------------------------------------------------------    -------------------
                         (clock sys_clk_pin rise edge)
                                                      0.000     0.000 r  
    K17                                               0.000     0.000 r  sysclk (IN)
                         net (fo=0)                   0.000     0.000    sysclk
    K17                  IBUF (Prop_ibuf_I_O)         1.340     1.340 r  sysclk_IBUF_inst/O
                         net (fo=1, routed)           1.559     2.899    sysclk_IBUF
    BUFGCTRL_X0Y16       BUFG (Prop_bufg_I_O)         0.079     2.978 r  sysclk_IBUF_BUFG_inst/O
                         net (fo=27, routed)          1.322     4.300    sysclk_IBUF_BUFG
    SLICE_X43Y55         FDRE                                         r  counter_reg[17]/C
  -------------------------------------------------------------------    -------------------
    SLICE_X43Y55         FDRE (Prop_fdre_C_Q)         0.313     4.613 f  counter_reg[17]/Q
                         net (fo=2, routed)           0.719     5.332    counter[17]
    SLICE_X43Y55         LUT6 (Prop_lut6_I1_O)        0.215     5.547 r  counter[25]_i_5/O
                         net (fo=2, routed)           0.602     6.148    counter[25]_i_5_n_0
    SLICE_X43Y53         LUT6 (Prop_lut6_I2_O)        0.097     6.245 r  counter[25]_i_1/O
                         net (fo=27, routed)          0.834     7.080    counter[25]_i_1_n_0
    SLICE_X43Y56         FDRE                                         r  counter_reg[21]/R
  -------------------------------------------------------------------    -------------------

                         (clock sys_clk_pin rise edge)
                                                      8.000     8.000 r  
    K17                                               0.000     8.000 r  sysclk (IN)
                         net (fo=0)                   0.000     8.000    sysclk
    K17                  IBUF (Prop_ibuf_I_O)         1.273     9.273 r  sysclk_IBUF_inst/O
                         net (fo=1, routed)           1.409    10.681    sysclk_IBUF
    BUFGCTRL_X0Y16       BUFG (Prop_bufg_I_O)         0.072    10.753 r  sysclk_IBUF_BUFG_inst/O
                         net (fo=27, routed)          1.179    11.933    sysclk_IBUF_BUFG
    SLICE_X43Y56         FDRE                                         r  counter_reg[21]/C
                         clock pessimism              0.341    12.274    
                         clock uncertainty           -0.035    12.239    
    SLICE_X43Y56         FDRE (Setup_fdre_C_R)       -0.314    11.925    counter_reg[21]
  -------------------------------------------------------------------
                         required time                         11.925    
                         arrival time                          -7.080    
  -------------------------------------------------------------------
                         slack                                  4.845    

Slack (MET) :             4.845ns  (required time - arrival time)
  Source:                 counter_reg[17]/C
                            (rising edge-triggered cell FDRE clocked by sys_clk_pin  {rise@0.000ns fall@4.000ns period=8.000ns})
  Destination:            counter_reg[22]/R
                            (rising edge-triggered cell FDRE clocked by sys_clk_pin  {rise@0.000ns fall@4.000ns period=8.000ns})
  Path Group:             sys_clk_pin
  Path Type:              Setup (Max at Slow Process Corner)
  Requirement:            8.000ns  (sys_clk_pin rise@8.000ns - sys_clk_pin rise@0.000ns)
  Data Path Delay:        2.780ns  (logic 0.625ns (22.482%)  route 2.155ns (77.518%))
  Logic Levels:           2  (LUT6=2)
  Clock Path Skew:        -0.026ns (DCD - SCD + CPR)
    Destination Clock Delay (DCD):    3.933ns = ( 11.933 - 8.000 ) 
    Source Clock Delay      (SCD):    4.300ns
    Clock Pessimism Removal (CPR):    0.341ns
  Clock Uncertainty:      0.035ns  ((TSJ^2 + TIJ^2)^1/2 + DJ) / 2 + PE
    Total System Jitter     (TSJ):    0.071ns
    Total Input Jitter      (TIJ):    0.000ns
    Discrete Jitter          (DJ):    0.000ns
    Phase Error              (PE):    0.000ns

    Location             Delay type                Incr(ns)  Path(ns)    Netlist Resource(s)
  -------------------------------------------------------------------    -------------------
                         (clock sys_clk_pin rise edge)
                                                      0.000     0.000 r  
    K17                                               0.000     0.000 r  sysclk (IN)
                         net (fo=0)                   0.000     0.000    sysclk
    K17                  IBUF (Prop_ibuf_I_O)         1.340     1.340 r  sysclk_IBUF_inst/O
                         net (fo=1, routed)           1.559     2.899    sysclk_IBUF
    BUFGCTRL_X0Y16       BUFG (Prop_bufg_I_O)         0.079     2.978 r  sysclk_IBUF_BUFG_inst/O
                         net (fo=27, routed)          1.322     4.300    sysclk_IBUF_BUFG
    SLICE_X43Y55         FDRE                                         r  counter_reg[17]/C
  -------------------------------------------------------------------    -------------------
    SLICE_X43Y55         FDRE (Prop_fdre_C_Q)         0.313     4.613 f  counter_reg[17]/Q
                         net (fo=2, routed)           0.719     5.332    counter[17]
    SLICE_X43Y55         LUT6 (Prop_lut6_I1_O)        0.215     5.547 r  counter[25]_i_5/O
                         net (fo=2, routed)           0.602     6.148    counter[25]_i_5_n_0
    SLICE_X43Y53         LUT6 (Prop_lut6_I2_O)        0.097     6.245 r  counter[25]_i_1/O
                         net (fo=27, routed)          0.834     7.080    counter[25]_i_1_n_0
    SLICE_X43Y56         FDRE                                         r  counter_reg[22]/R
  -------------------------------------------------------------------    -------------------

                         (clock sys_clk_pin rise edge)
                                                      8.000     8.000 r  
    K17                                               0.000     8.000 r  sysclk (IN)
                         net (fo=0)                   0.000     8.000    sysclk
    K17                  IBUF (Prop_ibuf_I_O)         1.273     9.273 r  sysclk_IBUF_inst/O
                         net (fo=1, routed)           1.409    10.681    sysclk_IBUF
    BUFGCTRL_X0Y16       BUFG (Prop_bufg_I_O)         0.072    10.753 r  sysclk_IBUF_BUFG_inst/O
                         net (fo=27, routed)          1.179    11.933    sysclk_IBUF_BUFG
    SLICE_X43Y56         FDRE                                         r  counter_reg[22]/C
                         clock pessimism              0.341    12.274    
                         clock uncertainty           -0.035    12.239    
    SLICE_X43Y56         FDRE (Setup_fdre_C_R)       -0.314    11.925    counter_reg[22]
  -------------------------------------------------------------------
                         required time                         11.925    
                         arrival time                          -7.080    
  -------------------------------------------------------------------
                         slack                                  4.845    

Slack (MET) :             4.845ns  (required time - arrival time)
  Source:                 counter_reg[17]/C
                            (rising edge-triggered cell FDRE clocked by sys_clk_pin  {rise@0.000ns fall@4.000ns period=8.000ns})
  Destination:            counter_reg[23]/R
                            (rising edge-triggered cell FDRE clocked by sys_clk_pin  {rise@0.000ns fall@4.000ns period=8.000ns})
  Path Group:             sys_clk_pin
  Path Type:              Setup (Max at Slow Process Corner)
  Requirement:            8.000ns  (sys_clk_pin rise@8.000ns - sys_clk_pin rise@0.000ns)
  Data Path Delay:        2.780ns  (logic 0.625ns (22.482%)  route 2.155ns (77.518%))
  Logic Levels:           2  (LUT6=2)
  Clock Path Skew:        -0.026ns (DCD - SCD + CPR)
    Destination Clock Delay (DCD):    3.933ns = ( 11.933 - 8.000 ) 
    Source Clock Delay      (SCD):    4.300ns
    Clock Pessimism Removal (CPR):    0.341ns
  Clock Uncertainty:      0.035ns  ((TSJ^2 + TIJ^2)^1/2 + DJ) / 2 + PE
    Total System Jitter     (TSJ):    0.071ns
    Total Input Jitter      (TIJ):    0.000ns
    Discrete Jitter          (DJ):    0.000ns
    Phase Error              (PE):    0.000ns

    Location             Delay type                Incr(ns)  Path(ns)    Netlist Resource(s)
  -------------------------------------------------------------------    -------------------
                         (clock sys_clk_pin rise edge)
                                                      0.000     0.000 r  
    K17                                               0.000     0.000 r  sysclk (IN)
                         net (fo=0)                   0.000     0.000    sysclk
    K17                  IBUF (Prop_ibuf_I_O)         1.340     1.340 r  sysclk_IBUF_inst/O
                         net (fo=1, routed)           1.559     2.899    sysclk_IBUF
    BUFGCTRL_X0Y16       BUFG (Prop_bufg_I_O)         0.079     2.978 r  sysclk_IBUF_BUFG_inst/O
                         net (fo=27, routed)          1.322     4.300    sysclk_IBUF_BUFG
    SLICE_X43Y55         FDRE                                         r  counter_reg[17]/C
  -------------------------------------------------------------------    -------------------
    SLICE_X43Y55         FDRE (Prop_fdre_C_Q)         0.313     4.613 f  counter_reg[17]/Q
                         net (fo=2, routed)           0.719     5.332    counter[17]
    SLICE_X43Y55         LUT6 (Prop_lut6_I1_O)        0.215     5.547 r  counter[25]_i_5/O
                         net (fo=2, routed)           0.602     6.148    counter[25]_i_5_n_0
    SLICE_X43Y53         LUT6 (Prop_lut6_I2_O)        0.097     6.245 r  counter[25]_i_1/O
                         net (fo=27, routed)          0.834     7.080    counter[25]_i_1_n_0
    SLICE_X43Y56         FDRE                                         r  counter_reg[23]/R
  -------------------------------------------------------------------    -------------------

                         (clock sys_clk_pin rise edge)
                                                      8.000     8.000 r  
    K17                                               0.000     8.000 r  sysclk (IN)
                         net (fo=0)                   0.000     8.000    sysclk
    K17                  IBUF (Prop_ibuf_I_O)         1.273     9.273 r  sysclk_IBUF_inst/O
                         net (fo=1, routed)           1.409    10.681    sysclk_IBUF
    BUFGCTRL_X0Y16       BUFG (Prop_bufg_I_O)         0.072    10.753 r  sysclk_IBUF_BUFG_inst/O
                         net (fo=27, routed)          1.179    11.933    sysclk_IBUF_BUFG
    SLICE_X43Y56         FDRE                                         r  counter_reg[23]/C
                         clock pessimism              0.341    12.274    
                         clock uncertainty           -0.035    12.239    
    SLICE_X43Y56         FDRE (Setup_fdre_C_R)       -0.314    11.925    counter_reg[23]
  -------------------------------------------------------------------
                         required time                         11.925    
                         arrival time                          -7.080    
  -------------------------------------------------------------------
                         slack                                  4.845    

Slack (MET) :             4.845ns  (required time - arrival time)
  Source:                 counter_reg[17]/C
                            (rising edge-triggered cell FDRE clocked by sys_clk_pin  {rise@0.000ns fall@4.000ns period=8.000ns})
  Destination:            counter_reg[24]/R
                            (rising edge-triggered cell FDRE clocked by sys_clk_pin  {rise@0.000ns fall@4.000ns period=8.000ns})
  Path Group:             sys_clk_pin
  Path Type:              Setup (Max at Slow Process Corner)
  Requirement:            8.000ns  (sys_clk_pin rise@8.000ns - sys_clk_pin rise@0.000ns)
  Data Path Delay:        2.780ns  (logic 0.625ns (22.482%)  route 2.155ns (77.518%))
  Logic Levels:           2  (LUT6=2)
  Clock Path Skew:        -0.026ns (DCD - SCD + CPR)
    Destination Clock Delay (DCD):    3.933ns = ( 11.933 - 8.000 ) 
    Source Clock Delay      (SCD):    4.300ns
    Clock Pessimism Removal (CPR):    0.341ns
  Clock Uncertainty:      0.035ns  ((TSJ^2 + TIJ^2)^1/2 + DJ) / 2 + PE
    Total System Jitter     (TSJ):    0.071ns
    Total Input Jitter      (TIJ):    0.000ns
    Discrete Jitter          (DJ):    0.000ns
    Phase Error              (PE):    0.000ns

    Location             Delay type                Incr(ns)  Path(ns)    Netlist Resource(s)
  -------------------------------------------------------------------    -------------------
                         (clock sys_clk_pin rise edge)
                                                      0.000     0.000 r  
    K17                                               0.000     0.000 r  sysclk (IN)
                         net (fo=0)                   0.000     0.000    sysclk
    K17                  IBUF (Prop_ibuf_I_O)         1.340     1.340 r  sysclk_IBUF_inst/O
                         net (fo=1, routed)           1.559     2.899    sysclk_IBUF
    BUFGCTRL_X0Y16       BUFG (Prop_bufg_I_O)         0.079     2.978 r  sysclk_IBUF_BUFG_inst/O
                         net (fo=27, routed)          1.322     4.300    sysclk_IBUF_BUFG
    SLICE_X43Y55         FDRE                                         r  counter_reg[17]/C
  -------------------------------------------------------------------    -------------------
    SLICE_X43Y55         FDRE (Prop_fdre_C_Q)         0.313     4.613 f  counter_reg[17]/Q
                         net (fo=2, routed)           0.719     5.332    counter[17]
    SLICE_X43Y55         LUT6 (Prop_lut6_I1_O)        0.215     5.547 r  counter[25]_i_5/O
                         net (fo=2, routed)           0.602     6.148    counter[25]_i_5_n_0
    SLICE_X43Y53         LUT6 (Prop_lut6_I2_O)        0.097     6.245 r  counter[25]_i_1/O
                         net (fo=27, routed)          0.834     7.080    counter[25]_i_1_n_0
    SLICE_X43Y56         FDRE                                         r  counter_reg[24]/R
  -------------------------------------------------------------------    -------------------

                         (clock sys_clk_pin rise edge)
                                                      8.000     8.000 r  
    K17                                               0.000     8.000 r  sysclk (IN)
                         net (fo=0)                   0.000     8.000    sysclk
    K17                  IBUF (Prop_ibuf_I_O)         1.273     9.273 r  sysclk_IBUF_inst/O
                         net (fo=1, routed)           1.409    10.681    sysclk_IBUF
    BUFGCTRL_X0Y16       BUFG (Prop_bufg_I_O)         0.072    10.753 r  sysclk_IBUF_BUFG_inst/O
                         net (fo=27, routed)          1.179    11.933    sysclk_IBUF_BUFG
    SLICE_X43Y56         FDRE                                         r  counter_reg[24]/C
                         clock pessimism              0.341    12.274    
                         clock uncertainty           -0.035    12.239    
    SLICE_X43Y56         FDRE (Setup_fdre_C_R)       -0.314    11.925    counter_reg[24]
  -------------------------------------------------------------------
                         required time                         11.925    
                         arrival time                          -7.080    
  -------------------------------------------------------------------
                         slack                                  4.845    

Slack (MET) :             4.845ns  (required time - arrival time)
  Source:                 counter_reg[17]/C
                            (rising edge-triggered cell FDRE clocked by sys_clk_pin  {rise@0.000ns fall@4.000ns period=8.000ns})
  Destination:            counter_reg[25]/R
                            (rising edge-triggered cell FDRE clocked by sys_clk_pin  {rise@0.000ns fall@4.000ns period=8.000ns})
  Path Group:             sys_clk_pin
  Path Type:              Setup (Max at Slow Process Corner)
  Requirement:            8.000ns  (sys_clk_pin rise@8.000ns - sys_clk_pin rise@0.000ns)
  Data Path Delay:        2.780ns  (logic 0.625ns (22.482%)  route 2.155ns (77.518%))
  Logic Levels:           2  (LUT6=2)
  Clock Path Skew:        -0.026ns (DCD - SCD + CPR)
    Destination Clock Delay (DCD):    3.933ns = ( 11.933 - 8.000 ) 
    Source Clock Delay      (SCD):    4.300ns
    Clock Pessimism Removal (CPR):    0.341ns
  Clock Uncertainty:      0.035ns  ((TSJ^2 + TIJ^2)^1/2 + DJ) / 2 + PE
    Total System Jitter     (TSJ):    0.071ns
    Total Input Jitter      (TIJ):    0.000ns
    Discrete Jitter          (DJ):    0.000ns
    Phase Error              (PE):    0.000ns

    Location             Delay type                Incr(ns)  Path(ns)    Netlist Resource(s)
  -------------------------------------------------------------------    -------------------
                         (clock sys_clk_pin rise edge)
                                                      0.000     0.000 r  
    K17                                               0.000     0.000 r  sysclk (IN)
                         net (fo=0)                   0.000     0.000    sysclk
    K17                  IBUF (Prop_ibuf_I_O)         1.340     1.340 r  sysclk_IBUF_inst/O
                         net (fo=1, routed)           1.559     2.899    sysclk_IBUF
    BUFGCTRL_X0Y16       BUFG (Prop_bufg_I_O)         0.079     2.978 r  sysclk_IBUF_BUFG_inst/O
                         net (fo=27, routed)          1.322     4.300    sysclk_IBUF_BUFG
    SLICE_X43Y55         FDRE                                         r  counter_reg[17]/C
  -------------------------------------------------------------------    -------------------
    SLICE_X43Y55         FDRE (Prop_fdre_C_Q)         0.313     4.613 f  counter_reg[17]/Q
                         net (fo=2, routed)           0.719     5.332    counter[17]
    SLICE_X43Y55         LUT6 (Prop_lut6_I1_O)        0.215     5.547 r  counter[25]_i_5/O
                         net (fo=2, routed)           0.602     6.148    counter[25]_i_5_n_0
    SLICE_X43Y53         LUT6 (Prop_lut6_I2_O)        0.097     6.245 r  counter[25]_i_1/O
                         net (fo=27, routed)          0.834     7.080    counter[25]_i_1_n_0
    SLICE_X43Y56         FDRE                                         r  counter_reg[25]/R
  -------------------------------------------------------------------    -------------------

                         (clock sys_clk_pin rise edge)
                                                      8.000     8.000 r  
    K17                                               0.000     8.000 r  sysclk (IN)
                         net (fo=0)                   0.000     8.000    sysclk
    K17                  IBUF (Prop_ibuf_I_O)         1.273     9.273 r  sysclk_IBUF_inst/O
                         net (fo=1, routed)           1.409    10.681    sysclk_IBUF
    BUFGCTRL_X0Y16       BUFG (Prop_bufg_I_O)         0.072    10.753 r  sysclk_IBUF_BUFG_inst/O
                         net (fo=27, routed)          1.179    11.933    sysclk_IBUF_BUFG
    SLICE_X43Y56         FDRE                                         r  counter_reg[25]/C
                         clock pessimism              0.341    12.274    
                         clock uncertainty           -0.035    12.239    
    SLICE_X43Y56         FDRE (Setup_fdre_C_R)       -0.314    11.925    counter_reg[25]
  -------------------------------------------------------------------
                         required time                         11.925    
                         arrival time                          -7.080    
  -------------------------------------------------------------------
                         slack                                  4.845    

Slack (MET) :             5.122ns  (required time - arrival time)
  Source:                 counter_reg[20]/C
                            (rising edge-triggered cell FDRE clocked by sys_clk_pin  {rise@0.000ns fall@4.000ns period=8.000ns})
  Destination:            counter_reg[16]/R
                            (rising edge-triggered cell FDRE clocked by sys_clk_pin  {rise@0.000ns fall@4.000ns period=8.000ns})
  Path Group:             sys_clk_pin
  Path Type:              Setup (Max at Slow Process Corner)
  Requirement:            8.000ns  (sys_clk_pin rise@8.000ns - sys_clk_pin rise@0.000ns)
  Data Path Delay:        2.503ns  (logic 0.535ns (21.370%)  route 1.968ns (78.630%))
  Logic Levels:           2  (LUT6=2)
  Clock Path Skew:        -0.025ns (DCD - SCD + CPR)
    Destination Clock Delay (DCD):    3.933ns = ( 11.933 - 8.000 ) 
    Source Clock Delay      (SCD):    4.299ns
    Clock Pessimism Removal (CPR):    0.341ns
  Clock Uncertainty:      0.035ns  ((TSJ^2 + TIJ^2)^1/2 + DJ) / 2 + PE
    Total System Jitter     (TSJ):    0.071ns
    Total Input Jitter      (TIJ):    0.000ns
    Discrete Jitter          (DJ):    0.000ns
    Phase Error              (PE):    0.000ns

    Location             Delay type                Incr(ns)  Path(ns)    Netlist Resource(s)
  -------------------------------------------------------------------    -------------------
                         (clock sys_clk_pin rise edge)
                                                      0.000     0.000 r  
    K17                                               0.000     0.000 r  sysclk (IN)
                         net (fo=0)                   0.000     0.000    sysclk
    K17                  IBUF (Prop_ibuf_I_O)         1.340     1.340 r  sysclk_IBUF_inst/O
                         net (fo=1, routed)           1.559     2.899    sysclk_IBUF
    BUFGCTRL_X0Y16       BUFG (Prop_bufg_I_O)         0.079     2.978 r  sysclk_IBUF_BUFG_inst/O
                         net (fo=27, routed)          1.321     4.299    sysclk_IBUF_BUFG
    SLICE_X43Y56         FDRE                                         r  counter_reg[20]/C
  -------------------------------------------------------------------    -------------------
    SLICE_X43Y56         FDRE (Prop_fdre_C_Q)         0.341     4.640 r  counter_reg[20]/Q
                         net (fo=2, routed)           0.620     5.260    counter[20]
    SLICE_X43Y56         LUT6 (Prop_lut6_I2_O)        0.097     5.357 r  counter[25]_i_4/O
                         net (fo=2, routed)           0.814     6.170    counter[25]_i_4_n_0
    SLICE_X43Y53         LUT6 (Prop_lut6_I1_O)        0.097     6.267 r  counter[25]_i_1/O
                         net (fo=27, routed)          0.535     6.802    counter[25]_i_1_n_0
    SLICE_X43Y55         FDRE                                         r  counter_reg[16]/R
  -------------------------------------------------------------------    -------------------

                         (clock sys_clk_pin rise edge)
                                                      8.000     8.000 r  
    K17                                               0.000     8.000 r  sysclk (IN)
                         net (fo=0)                   0.000     8.000    sysclk
    K17                  IBUF (Prop_ibuf_I_O)         1.273     9.273 r  sysclk_IBUF_inst/O
                         net (fo=1, routed)           1.409    10.681    sysclk_IBUF
    BUFGCTRL_X0Y16       BUFG (Prop_bufg_I_O)         0.072    10.753 r  sysclk_IBUF_BUFG_inst/O
                         net (fo=27, routed)          1.179    11.933    sysclk_IBUF_BUFG
    SLICE_X43Y55         FDRE                                         r  counter_reg[16]/C
                         clock pessimism              0.341    12.274    
                         clock uncertainty           -0.035    12.239    
    SLICE_X43Y55         FDRE (Setup_fdre_C_R)       -0.314    11.925    counter_reg[16]
  -------------------------------------------------------------------
                         required time                         11.925    
                         arrival time                          -6.802    
  -------------------------------------------------------------------
                         slack                                  5.122    

Slack (MET) :             5.122ns  (required time - arrival time)
  Source:                 counter_reg[20]/C
                            (rising edge-triggered cell FDRE clocked by sys_clk_pin  {rise@0.000ns fall@4.000ns period=8.000ns})
  Destination:            counter_reg[17]/R
                            (rising edge-triggered cell FDRE clocked by sys_clk_pin  {rise@0.000ns fall@4.000ns period=8.000ns})
  Path Group:             sys_clk_pin
  Path Type:              Setup (Max at Slow Process Corner)
  Requirement:            8.000ns  (sys_clk_pin rise@8.000ns - sys_clk_pin rise@0.000ns)
  Data Path Delay:        2.503ns  (logic 0.535ns (21.370%)  route 1.968ns (78.630%))
  Logic Levels:           2  (LUT6=2)
  Clock Path Skew:        -0.025ns (DCD - SCD + CPR)
    Destination Clock Delay (DCD):    3.933ns = ( 11.933 - 8.000 ) 
    Source Clock Delay      (SCD):    4.299ns
    Clock Pessimism Removal (CPR):    0.341ns
  Clock Uncertainty:      0.035ns  ((TSJ^2 + TIJ^2)^1/2 + DJ) / 2 + PE
    Total System Jitter     (TSJ):    0.071ns
    Total Input Jitter      (TIJ):    0.000ns
    Discrete Jitter          (DJ):    0.000ns
    Phase Error              (PE):    0.000ns

    Location             Delay type                Incr(ns)  Path(ns)    Netlist Resource(s)
  -------------------------------------------------------------------    -------------------
                         (clock sys_clk_pin rise edge)
                                                      0.000     0.000 r  
    K17                                               0.000     0.000 r  sysclk (IN)
                         net (fo=0)                   0.000     0.000    sysclk
    K17                  IBUF (Prop_ibuf_I_O)         1.340     1.340 r  sysclk_IBUF_inst/O
                         net (fo=1, routed)           1.559     2.899    sysclk_IBUF
    BUFGCTRL_X0Y16       BUFG (Prop_bufg_I_O)         0.079     2.978 r  sysclk_IBUF_BUFG_inst/O
                         net (fo=27, routed)          1.321     4.299    sysclk_IBUF_BUFG
    SLICE_X43Y56         FDRE                                         r  counter_reg[20]/C
  -------------------------------------------------------------------    -------------------
    SLICE_X43Y56         FDRE (Prop_fdre_C_Q)         0.341     4.640 r  counter_reg[20]/Q
                         net (fo=2, routed)           0.620     5.260    counter[20]
    SLICE_X43Y56         LUT6 (Prop_lut6_I2_O)        0.097     5.357 r  counter[25]_i_4/O
                         net (fo=2, routed)           0.814     6.170    counter[25]_i_4_n_0
    SLICE_X43Y53         LUT6 (Prop_lut6_I1_O)        0.097     6.267 r  counter[25]_i_1/O
                         net (fo=27, routed)          0.535     6.802    counter[25]_i_1_n_0
    SLICE_X43Y55         FDRE                                         r  counter_reg[17]/R
  -------------------------------------------------------------------    -------------------

                         (clock sys_clk_pin rise edge)
                                                      8.000     8.000 r  
    K17                                               0.000     8.000 r  sysclk (IN)
                         net (fo=0)                   0.000     8.000    sysclk
    K17                  IBUF (Prop_ibuf_I_O)         1.273     9.273 r  sysclk_IBUF_inst/O
                         net (fo=1, routed)           1.409    10.681    sysclk_IBUF
    BUFGCTRL_X0Y16       BUFG (Prop_bufg_I_O)         0.072    10.753 r  sysclk_IBUF_BUFG_inst/O
                         net (fo=27, routed)          1.179    11.933    sysclk_IBUF_BUFG
    SLICE_X43Y55         FDRE                                         r  counter_reg[17]/C
                         clock pessimism              0.341    12.274    
                         clock uncertainty           -0.035    12.239    
    SLICE_X43Y55         FDRE (Setup_fdre_C_R)       -0.314    11.925    counter_reg[17]
  -------------------------------------------------------------------
                         required time                         11.925    
                         arrival time                          -6.802    
  -------------------------------------------------------------------
                         slack                                  5.122    

Slack (MET) :             5.122ns  (required time - arrival time)
  Source:                 counter_reg[20]/C
                            (rising edge-triggered cell FDRE clocked by sys_clk_pin  {rise@0.000ns fall@4.000ns period=8.000ns})
  Destination:            counter_reg[18]/R
                            (rising edge-triggered cell FDRE clocked by sys_clk_pin  {rise@0.000ns fall@4.000ns period=8.000ns})
  Path Group:             sys_clk_pin
  Path Type:              Setup (Max at Slow Process Corner)
  Requirement:            8.000ns  (sys_clk_pin rise@8.000ns - sys_clk_pin rise@0.000ns)
  Data Path Delay:        2.503ns  (logic 0.535ns (21.370%)  route 1.968ns (78.630%))
  Logic Levels:           2  (LUT6=2)
  Clock Path Skew:        -0.025ns (DCD - SCD + CPR)
    Destination Clock Delay (DCD):    3.933ns = ( 11.933 - 8.000 ) 
    Source Clock Delay      (SCD):    4.299ns
    Clock Pessimism Removal (CPR):    0.341ns
  Clock Uncertainty:      0.035ns  ((TSJ^2 + TIJ^2)^1/2 + DJ) / 2 + PE
    Total System Jitter     (TSJ):    0.071ns
    Total Input Jitter      (TIJ):    0.000ns
    Discrete Jitter          (DJ):    0.000ns
    Phase Error              (PE):    0.000ns

    Location             Delay type                Incr(ns)  Path(ns)    Netlist Resource(s)
  -------------------------------------------------------------------    -------------------
                         (clock sys_clk_pin rise edge)
                                                      0.000     0.000 r  
    K17                                               0.000     0.000 r  sysclk (IN)
                         net (fo=0)                   0.000     0.000    sysclk
    K17                  IBUF (Prop_ibuf_I_O)         1.340     1.340 r  sysclk_IBUF_inst/O
                         net (fo=1, routed)           1.559     2.899    sysclk_IBUF
    BUFGCTRL_X0Y16       BUFG (Prop_bufg_I_O)         0.079     2.978 r  sysclk_IBUF_BUFG_inst/O
                         net (fo=27, routed)          1.321     4.299    sysclk_IBUF_BUFG
    SLICE_X43Y56         FDRE                                         r  counter_reg[20]/C
  -------------------------------------------------------------------    -------------------
    SLICE_X43Y56         FDRE (Prop_fdre_C_Q)         0.341     4.640 r  counter_reg[20]/Q
                         net (fo=2, routed)           0.620     5.260    counter[20]
    SLICE_X43Y56         LUT6 (Prop_lut6_I2_O)        0.097     5.357 r  counter[25]_i_4/O
                         net (fo=2, routed)           0.814     6.170    counter[25]_i_4_n_0
    SLICE_X43Y53         LUT6 (Prop_lut6_I1_O)        0.097     6.267 r  counter[25]_i_1/O
                         net (fo=27, routed)          0.535     6.802    counter[25]_i_1_n_0
    SLICE_X43Y55         FDRE                                         r  counter_reg[18]/R
  -------------------------------------------------------------------    -------------------

                         (clock sys_clk_pin rise edge)
                                                      8.000     8.000 r  
    K17                                               0.000     8.000 r  sysclk (IN)
                         net (fo=0)                   0.000     8.000    sysclk
    K17                  IBUF (Prop_ibuf_I_O)         1.273     9.273 r  sysclk_IBUF_inst/O
                         net (fo=1, routed)           1.409    10.681    sysclk_IBUF
    BUFGCTRL_X0Y16       BUFG (Prop_bufg_I_O)         0.072    10.753 r  sysclk_IBUF_BUFG_inst/O
                         net (fo=27, routed)          1.179    11.933    sysclk_IBUF_BUFG
    SLICE_X43Y55         FDRE                                         r  counter_reg[18]/C
                         clock pessimism              0.341    12.274    
                         clock uncertainty           -0.035    12.239    
    SLICE_X43Y55         FDRE (Setup_fdre_C_R)       -0.314    11.925    counter_reg[18]
  -------------------------------------------------------------------
                         required time                         11.925    
                         arrival time                          -6.802    
  -------------------------------------------------------------------
                         slack                                  5.122    

Slack (MET) :             5.122ns  (required time - arrival time)
  Source:                 counter_reg[20]/C
                            (rising edge-triggered cell FDRE clocked by sys_clk_pin  {rise@0.000ns fall@4.000ns period=8.000ns})
  Destination:            counter_reg[19]/R
                            (rising edge-triggered cell FDRE clocked by sys_clk_pin  {rise@0.000ns fall@4.000ns period=8.000ns})
  Path Group:             sys_clk_pin
  Path Type:              Setup (Max at Slow Process Corner)
  Requirement:            8.000ns  (sys_clk_pin rise@8.000ns - sys_clk_pin rise@0.000ns)
  Data Path Delay:        2.503ns  (logic 0.535ns (21.370%)  route 1.968ns (78.630%))
  Logic Levels:           2  (LUT6=2)
  Clock Path Skew:        -0.025ns (DCD - SCD + CPR)
    Destination Clock Delay (DCD):    3.933ns = ( 11.933 - 8.000 ) 
    Source Clock Delay      (SCD):    4.299ns
    Clock Pessimism Removal (CPR):    0.341ns
  Clock Uncertainty:      0.035ns  ((TSJ^2 + TIJ^2)^1/2 + DJ) / 2 + PE
    Total System Jitter     (TSJ):    0.071ns
    Total Input Jitter      (TIJ):    0.000ns
    Discrete Jitter          (DJ):    0.000ns
    Phase Error              (PE):    0.000ns

    Location             Delay type                Incr(ns)  Path(ns)    Netlist Resource(s)
  -------------------------------------------------------------------    -------------------
                         (clock sys_clk_pin rise edge)
                                                      0.000     0.000 r  
    K17                                               0.000     0.000 r  sysclk (IN)
                         net (fo=0)                   0.000     0.000    sysclk
    K17                  IBUF (Prop_ibuf_I_O)         1.340     1.340 r  sysclk_IBUF_inst/O
                         net (fo=1, routed)           1.559     2.899    sysclk_IBUF
    BUFGCTRL_X0Y16       BUFG (Prop_bufg_I_O)         0.079     2.978 r  sysclk_IBUF_BUFG_inst/O
                         net (fo=27, routed)          1.321     4.299    sysclk_IBUF_BUFG
    SLICE_X43Y56         FDRE                                         r  counter_reg[20]/C
  -------------------------------------------------------------------    -------------------
    SLICE_X43Y56         FDRE (Prop_fdre_C_Q)         0.341     4.640 r  counter_reg[20]/Q
                         net (fo=2, routed)           0.620     5.260    counter[20]
    SLICE_X43Y56         LUT6 (Prop_lut6_I2_O)        0.097     5.357 r  counter[25]_i_4/O
                         net (fo=2, routed)           0.814     6.170    counter[25]_i_4_n_0
    SLICE_X43Y53         LUT6 (Prop_lut6_I1_O)        0.097     6.267 r  counter[25]_i_1/O
                         net (fo=27, routed)          0.535     6.802    counter[25]_i_1_n_0
    SLICE_X43Y55         FDRE                                         r  counter_reg[19]/R
  -------------------------------------------------------------------    -------------------

                         (clock sys_clk_pin rise edge)
                                                      8.000     8.000 r  
    K17                                               0.000     8.000 r  sysclk (IN)
                         net (fo=0)                   0.000     8.000    sysclk
    K17                  IBUF (Prop_ibuf_I_O)         1.273     9.273 r  sysclk_IBUF_inst/O
                         net (fo=1, routed)           1.409    10.681    sysclk_IBUF
    BUFGCTRL_X0Y16       BUFG (Prop_bufg_I_O)         0.072    10.753 r  sysclk_IBUF_BUFG_inst/O
                         net (fo=27, routed)          1.179    11.933    sysclk_IBUF_BUFG
    SLICE_X43Y55         FDRE                                         r  counter_reg[19]/C
                         clock pessimism              0.341    12.274    
                         clock uncertainty           -0.035    12.239    
    SLICE_X43Y55         FDRE (Setup_fdre_C_R)       -0.314    11.925    counter_reg[19]
  -------------------------------------------------------------------
                         required time                         11.925    
                         arrival time                          -6.802    
  -------------------------------------------------------------------
                         slack                                  5.122    





Min Delay Paths
--------------------------------------------------------------------------------------
Slack (MET) :             0.271ns  (arrival time - required time)
  Source:                 counter_reg[0]/C
                            (rising edge-triggered cell FDRE clocked by sys_clk_pin  {rise@0.000ns fall@4.000ns period=8.000ns})
  Destination:            counter_reg[0]/D
                            (rising edge-triggered cell FDRE clocked by sys_clk_pin  {rise@0.000ns fall@4.000ns period=8.000ns})
  Path Group:             sys_clk_pin
  Path Type:              Hold (Min at Fast Process Corner)
  Requirement:            0.000ns  (sys_clk_pin rise@0.000ns - sys_clk_pin rise@0.000ns)
  Data Path Delay:        0.362ns  (logic 0.186ns (51.371%)  route 0.176ns (48.629%))
  Logic Levels:           1  (LUT3=1)
  Clock Path Skew:        0.000ns (DCD - SCD - CPR)
    Destination Clock Delay (DCD):    2.018ns
    Source Clock Delay      (SCD):    1.501ns
    Clock Pessimism Removal (CPR):    0.517ns

    Location             Delay type                Incr(ns)  Path(ns)    Netlist Resource(s)
  -------------------------------------------------------------------    -------------------
                         (clock sys_clk_pin rise edge)
                                                      0.000     0.000 r  
    K17                                               0.000     0.000 r  sysclk (IN)
                         net (fo=0)                   0.000     0.000    sysclk
    K17                  IBUF (Prop_ibuf_I_O)         0.259     0.259 r  sysclk_IBUF_inst/O
                         net (fo=1, routed)           0.627     0.887    sysclk_IBUF
    BUFGCTRL_X0Y16       BUFG (Prop_bufg_I_O)         0.026     0.913 r  sysclk_IBUF_BUFG_inst/O
                         net (fo=27, routed)          0.589     1.501    sysclk_IBUF_BUFG
    SLICE_X43Y51         FDRE                                         r  counter_reg[0]/C
  -------------------------------------------------------------------    -------------------
    SLICE_X43Y51         FDRE (Prop_fdre_C_Q)         0.141     1.642 f  counter_reg[0]/Q
                         net (fo=4, routed)           0.176     1.818    counter[0]
    SLICE_X43Y51         LUT3 (Prop_lut3_I2_O)        0.045     1.863 r  counter[0]_i_1/O
                         net (fo=1, routed)           0.000     1.863    p_1_in[0]
    SLICE_X43Y51         FDRE                                         r  counter_reg[0]/D
  -------------------------------------------------------------------    -------------------

                         (clock sys_clk_pin rise edge)
                                                      0.000     0.000 r  
    K17                                               0.000     0.000 r  sysclk (IN)
                         net (fo=0)                   0.000     0.000    sysclk
    K17                  IBUF (Prop_ibuf_I_O)         0.447     0.447 r  sysclk_IBUF_inst/O
                         net (fo=1, routed)           0.683     1.130    sysclk_IBUF
    BUFGCTRL_X0Y16       BUFG (Prop_bufg_I_O)         0.029     1.159 r  sysclk_IBUF_BUFG_inst/O
                         net (fo=27, routed)          0.859     2.018    sysclk_IBUF_BUFG
    SLICE_X43Y51         FDRE                                         r  counter_reg[0]/C
                         clock pessimism             -0.517     1.501    
    SLICE_X43Y51         FDRE (Hold_fdre_C_D)         0.091     1.592    counter_reg[0]
  -------------------------------------------------------------------
                         required time                         -1.592    
                         arrival time                           1.863    
  -------------------------------------------------------------------
                         slack                                  0.271    

Slack (MET) :             0.271ns  (arrival time - required time)
  Source:                 led_out_reg/C
                            (rising edge-triggered cell FDRE clocked by sys_clk_pin  {rise@0.000ns fall@4.000ns period=8.000ns})
  Destination:            led_out_reg/D
                            (rising edge-triggered cell FDRE clocked by sys_clk_pin  {rise@0.000ns fall@4.000ns period=8.000ns})
  Path Group:             sys_clk_pin
  Path Type:              Hold (Min at Fast Process Corner)
  Requirement:            0.000ns  (sys_clk_pin rise@0.000ns - sys_clk_pin rise@0.000ns)
  Data Path Delay:        0.362ns  (logic 0.186ns (51.371%)  route 0.176ns (48.629%))
  Logic Levels:           1  (LUT5=1)
  Clock Path Skew:        0.000ns (DCD - SCD - CPR)
    Destination Clock Delay (DCD):    2.017ns
    Source Clock Delay      (SCD):    1.500ns
    Clock Pessimism Removal (CPR):    0.517ns

    Location             Delay type                Incr(ns)  Path(ns)    Netlist Resource(s)
  -------------------------------------------------------------------    -------------------
                         (clock sys_clk_pin rise edge)
                                                      0.000     0.000 r  
    K17                                               0.000     0.000 r  sysclk (IN)
                         net (fo=0)                   0.000     0.000    sysclk
    K17                  IBUF (Prop_ibuf_I_O)         0.259     0.259 r  sysclk_IBUF_inst/O
                         net (fo=1, routed)           0.627     0.887    sysclk_IBUF
    BUFGCTRL_X0Y16       BUFG (Prop_bufg_I_O)         0.026     0.913 r  sysclk_IBUF_BUFG_inst/O
                         net (fo=27, routed)          0.588     1.500    sysclk_IBUF_BUFG
    SLICE_X43Y53         FDRE                                         r  led_out_reg/C
  -------------------------------------------------------------------    -------------------
    SLICE_X43Y53         FDRE (Prop_fdre_C_Q)         0.141     1.641 r  led_out_reg/Q
                         net (fo=3, routed)           0.176     1.817    led_out_OBUF
    SLICE_X43Y53         LUT5 (Prop_lut5_I2_O)        0.045     1.862 r  led_out_i_1/O
                         net (fo=1, routed)           0.000     1.862    led_out_i_1_n_0
    SLICE_X43Y53         FDRE                                         r  led_out_reg/D
  -------------------------------------------------------------------    -------------------

                         (clock sys_clk_pin rise edge)
                                                      0.000     0.000 r  
    K17                                               0.000     0.000 r  sysclk (IN)
                         net (fo=0)                   0.000     0.000    sysclk
    K17                  IBUF (Prop_ibuf_I_O)         0.447     0.447 r  sysclk_IBUF_inst/O
                         net (fo=1, routed)           0.683     1.130    sysclk_IBUF
    BUFGCTRL_X0Y16       BUFG (Prop_bufg_I_O)         0.029     1.159 r  sysclk_IBUF_BUFG_inst/O
                         net (fo=27, routed)          0.858     2.017    sysclk_IBUF_BUFG
    SLICE_X43Y53         FDRE                                         r  led_out_reg/C
                         clock pessimism             -0.517     1.500    
    SLICE_X43Y53         FDRE (Hold_fdre_C_D)         0.091     1.591    led_out_reg
  -------------------------------------------------------------------
                         required time                         -1.591    
                         arrival time                           1.862    
  -------------------------------------------------------------------
                         slack                                  0.271    

Slack (MET) :             0.491ns  (arrival time - required time)
  Source:                 counter_reg[14]/C
                            (rising edge-triggered cell FDRE clocked by sys_clk_pin  {rise@0.000ns fall@4.000ns period=8.000ns})
  Destination:            counter_reg[14]/D
                            (rising edge-triggered cell FDRE clocked by sys_clk_pin  {rise@0.000ns fall@4.000ns period=8.000ns})
  Path Group:             sys_clk_pin
  Path Type:              Hold (Min at Fast Process Corner)
  Requirement:            0.000ns  (sys_clk_pin rise@0.000ns - sys_clk_pin rise@0.000ns)
  Data Path Delay:        0.583ns  (logic 0.360ns (61.727%)  route 0.223ns (38.273%))
  Logic Levels:           2  (CARRY4=1 LUT3=1)
  Clock Path Skew:        0.000ns (DCD - SCD - CPR)
    Destination Clock Delay (DCD):    2.017ns
    Source Clock Delay      (SCD):    1.500ns
    Clock Pessimism Removal (CPR):    0.517ns

    Location             Delay type                Incr(ns)  Path(ns)    Netlist Resource(s)
  -------------------------------------------------------------------    -------------------
                         (clock sys_clk_pin rise edge)
                                                      0.000     0.000 r  
    K17                                               0.000     0.000 r  sysclk (IN)
                         net (fo=0)                   0.000     0.000    sysclk
    K17                  IBUF (Prop_ibuf_I_O)         0.259     0.259 r  sysclk_IBUF_inst/O
                         net (fo=1, routed)           0.627     0.887    sysclk_IBUF
    BUFGCTRL_X0Y16       BUFG (Prop_bufg_I_O)         0.026     0.913 r  sysclk_IBUF_BUFG_inst/O
                         net (fo=27, routed)          0.588     1.500    sysclk_IBUF_BUFG
    SLICE_X43Y54         FDRE                                         r  counter_reg[14]/C
  -------------------------------------------------------------------    -------------------
    SLICE_X43Y54         FDRE (Prop_fdre_C_Q)         0.141     1.641 r  counter_reg[14]/Q
                         net (fo=2, routed)           0.064     1.706    counter[14]
    SLICE_X42Y54         CARRY4 (Prop_carry4_S[1]_O[1])
                                                      0.111     1.817 r  counter_reg[16]_i_2/O[1]
                         net (fo=1, routed)           0.159     1.976    counter0[14]
    SLICE_X43Y54         LUT3 (Prop_lut3_I2_O)        0.108     2.084 r  counter[14]_i_1/O
                         net (fo=1, routed)           0.000     2.084    p_1_in[14]
    SLICE_X43Y54         FDRE                                         r  counter_reg[14]/D
  -------------------------------------------------------------------    -------------------

                         (clock sys_clk_pin rise edge)
                                                      0.000     0.000 r  
    K17                                               0.000     0.000 r  sysclk (IN)
                         net (fo=0)                   0.000     0.000    sysclk
    K17                  IBUF (Prop_ibuf_I_O)         0.447     0.447 r  sysclk_IBUF_inst/O
                         net (fo=1, routed)           0.683     1.130    sysclk_IBUF
    BUFGCTRL_X0Y16       BUFG (Prop_bufg_I_O)         0.029     1.159 r  sysclk_IBUF_BUFG_inst/O
                         net (fo=27, routed)          0.858     2.017    sysclk_IBUF_BUFG
    SLICE_X43Y54         FDRE                                         r  counter_reg[14]/C
                         clock pessimism             -0.517     1.500    
    SLICE_X43Y54         FDRE (Hold_fdre_C_D)         0.092     1.592    counter_reg[14]
  -------------------------------------------------------------------
                         required time                         -1.592    
                         arrival time                           2.084    
  -------------------------------------------------------------------
                         slack                                  0.491    

Slack (MET) :             0.545ns  (arrival time - required time)
  Source:                 counter_reg[0]/C
                            (rising edge-triggered cell FDRE clocked by sys_clk_pin  {rise@0.000ns fall@4.000ns period=8.000ns})
  Destination:            counter_reg[6]/R
                            (rising edge-triggered cell FDRE clocked by sys_clk_pin  {rise@0.000ns fall@4.000ns period=8.000ns})
  Path Group:             sys_clk_pin
  Path Type:              Hold (Min at Fast Process Corner)
  Requirement:            0.000ns  (sys_clk_pin rise@0.000ns - sys_clk_pin rise@0.000ns)
  Data Path Delay:        0.543ns  (logic 0.186ns (34.247%)  route 0.357ns (65.753%))
  Logic Levels:           1  (LUT6=1)
  Clock Path Skew:        0.016ns (DCD - SCD - CPR)
    Destination Clock Delay (DCD):    2.018ns
    Source Clock Delay      (SCD):    1.501ns
    Clock Pessimism Removal (CPR):    0.501ns

    Location             Delay type                Incr(ns)  Path(ns)    Netlist Resource(s)
  -------------------------------------------------------------------    -------------------
                         (clock sys_clk_pin rise edge)
                                                      0.000     0.000 r  
    K17                                               0.000     0.000 r  sysclk (IN)
                         net (fo=0)                   0.000     0.000    sysclk
    K17                  IBUF (Prop_ibuf_I_O)         0.259     0.259 r  sysclk_IBUF_inst/O
                         net (fo=1, routed)           0.627     0.887    sysclk_IBUF
    BUFGCTRL_X0Y16       BUFG (Prop_bufg_I_O)         0.026     0.913 r  sysclk_IBUF_BUFG_inst/O
                         net (fo=27, routed)          0.589     1.501    sysclk_IBUF_BUFG
    SLICE_X43Y51         FDRE                                         r  counter_reg[0]/C
  -------------------------------------------------------------------    -------------------
    SLICE_X43Y51         FDRE (Prop_fdre_C_Q)         0.141     1.642 r  counter_reg[0]/Q
                         net (fo=4, routed)           0.218     1.860    counter[0]
    SLICE_X43Y53         LUT6 (Prop_lut6_I4_O)        0.045     1.905 r  counter[25]_i_1/O
                         net (fo=27, routed)          0.139     2.044    counter[25]_i_1_n_0
    SLICE_X43Y52         FDRE                                         r  counter_reg[6]/R
  -------------------------------------------------------------------    -------------------

                         (clock sys_clk_pin rise edge)
                                                      0.000     0.000 r  
    K17                                               0.000     0.000 r  sysclk (IN)
                         net (fo=0)                   0.000     0.000    sysclk
    K17                  IBUF (Prop_ibuf_I_O)         0.447     0.447 r  sysclk_IBUF_inst/O
                         net (fo=1, routed)           0.683     1.130    sysclk_IBUF
    BUFGCTRL_X0Y16       BUFG (Prop_bufg_I_O)         0.029     1.159 r  sysclk_IBUF_BUFG_inst/O
                         net (fo=27, routed)          0.859     2.018    sysclk_IBUF_BUFG
    SLICE_X43Y52         FDRE                                         r  counter_reg[6]/C
                         clock pessimism             -0.501     1.517    
    SLICE_X43Y52         FDRE (Hold_fdre_C_R)        -0.018     1.499    counter_reg[6]
  -------------------------------------------------------------------
                         required time                         -1.499    
                         arrival time                           2.044    
  -------------------------------------------------------------------
                         slack                                  0.545    

Slack (MET) :             0.545ns  (arrival time - required time)
  Source:                 counter_reg[0]/C
                            (rising edge-triggered cell FDRE clocked by sys_clk_pin  {rise@0.000ns fall@4.000ns period=8.000ns})
  Destination:            counter_reg[7]/R
                            (rising edge-triggered cell FDRE clocked by sys_clk_pin  {rise@0.000ns fall@4.000ns period=8.000ns})
  Path Group:             sys_clk_pin
  Path Type:              Hold (Min at Fast Process Corner)
  Requirement:            0.000ns  (sys_clk_pin rise@0.000ns - sys_clk_pin rise@0.000ns)
  Data Path Delay:        0.543ns  (logic 0.186ns (34.247%)  route 0.357ns (65.753%))
  Logic Levels:           1  (LUT6=1)
  Clock Path Skew:        0.016ns (DCD - SCD - CPR)
    Destination Clock Delay (DCD):    2.018ns
    Source Clock Delay      (SCD):    1.501ns
    Clock Pessimism Removal (CPR):    0.501ns

    Location             Delay type                Incr(ns)  Path(ns)    Netlist Resource(s)
  -------------------------------------------------------------------    -------------------
                         (clock sys_clk_pin rise edge)
                                                      0.000     0.000 r  
    K17                                               0.000     0.000 r  sysclk (IN)
                         net (fo=0)                   0.000     0.000    sysclk
    K17                  IBUF (Prop_ibuf_I_O)         0.259     0.259 r  sysclk_IBUF_inst/O
                         net (fo=1, routed)           0.627     0.887    sysclk_IBUF
    BUFGCTRL_X0Y16       BUFG (Prop_bufg_I_O)         0.026     0.913 r  sysclk_IBUF_BUFG_inst/O
                         net (fo=27, routed)          0.589     1.501    sysclk_IBUF_BUFG
    SLICE_X43Y51         FDRE                                         r  counter_reg[0]/C
  -------------------------------------------------------------------    -------------------
    SLICE_X43Y51         FDRE (Prop_fdre_C_Q)         0.141     1.642 r  counter_reg[0]/Q
                         net (fo=4, routed)           0.218     1.860    counter[0]
    SLICE_X43Y53         LUT6 (Prop_lut6_I4_O)        0.045     1.905 r  counter[25]_i_1/O
                         net (fo=27, routed)          0.139     2.044    counter[25]_i_1_n_0
    SLICE_X43Y52         FDRE                                         r  counter_reg[7]/R
  -------------------------------------------------------------------    -------------------

                         (clock sys_clk_pin rise edge)
                                                      0.000     0.000 r  
    K17                                               0.000     0.000 r  sysclk (IN)
                         net (fo=0)                   0.000     0.000    sysclk
    K17                  IBUF (Prop_ibuf_I_O)         0.447     0.447 r  sysclk_IBUF_inst/O
                         net (fo=1, routed)           0.683     1.130    sysclk_IBUF
    BUFGCTRL_X0Y16       BUFG (Prop_bufg_I_O)         0.029     1.159 r  sysclk_IBUF_BUFG_inst/O
                         net (fo=27, routed)          0.859     2.018    sysclk_IBUF_BUFG
    SLICE_X43Y52         FDRE                                         r  counter_reg[7]/C
                         clock pessimism             -0.501     1.517    
    SLICE_X43Y52         FDRE (Hold_fdre_C_R)        -0.018     1.499    counter_reg[7]
  -------------------------------------------------------------------
                         required time                         -1.499    
                         arrival time                           2.044    
  -------------------------------------------------------------------
                         slack                                  0.545    

Slack (MET) :             0.545ns  (arrival time - required time)
  Source:                 counter_reg[0]/C
                            (rising edge-triggered cell FDRE clocked by sys_clk_pin  {rise@0.000ns fall@4.000ns period=8.000ns})
  Destination:            counter_reg[8]/R
                            (rising edge-triggered cell FDRE clocked by sys_clk_pin  {rise@0.000ns fall@4.000ns period=8.000ns})
  Path Group:             sys_clk_pin
  Path Type:              Hold (Min at Fast Process Corner)
  Requirement:            0.000ns  (sys_clk_pin rise@0.000ns - sys_clk_pin rise@0.000ns)
  Data Path Delay:        0.543ns  (logic 0.186ns (34.247%)  route 0.357ns (65.753%))
  Logic Levels:           1  (LUT6=1)
  Clock Path Skew:        0.016ns (DCD - SCD - CPR)
    Destination Clock Delay (DCD):    2.018ns
    Source Clock Delay      (SCD):    1.501ns
    Clock Pessimism Removal (CPR):    0.501ns

    Location             Delay type                Incr(ns)  Path(ns)    Netlist Resource(s)
  -------------------------------------------------------------------    -------------------
                         (clock sys_clk_pin rise edge)
                                                      0.000     0.000 r  
    K17                                               0.000     0.000 r  sysclk (IN)
                         net (fo=0)                   0.000     0.000    sysclk
    K17                  IBUF (Prop_ibuf_I_O)         0.259     0.259 r  sysclk_IBUF_inst/O
                         net (fo=1, routed)           0.627     0.887    sysclk_IBUF
    BUFGCTRL_X0Y16       BUFG (Prop_bufg_I_O)         0.026     0.913 r  sysclk_IBUF_BUFG_inst/O
                         net (fo=27, routed)          0.589     1.501    sysclk_IBUF_BUFG
    SLICE_X43Y51         FDRE                                         r  counter_reg[0]/C
  -------------------------------------------------------------------    -------------------
    SLICE_X43Y51         FDRE (Prop_fdre_C_Q)         0.141     1.642 r  counter_reg[0]/Q
                         net (fo=4, routed)           0.218     1.860    counter[0]
    SLICE_X43Y53         LUT6 (Prop_lut6_I4_O)        0.045     1.905 r  counter[25]_i_1/O
                         net (fo=27, routed)          0.139     2.044    counter[25]_i_1_n_0
    SLICE_X43Y52         FDRE                                         r  counter_reg[8]/R
  -------------------------------------------------------------------    -------------------

                         (clock sys_clk_pin rise edge)
                                                      0.000     0.000 r  
    K17                                               0.000     0.000 r  sysclk (IN)
                         net (fo=0)                   0.000     0.000    sysclk
    K17                  IBUF (Prop_ibuf_I_O)         0.447     0.447 r  sysclk_IBUF_inst/O
                         net (fo=1, routed)           0.683     1.130    sysclk_IBUF
    BUFGCTRL_X0Y16       BUFG (Prop_bufg_I_O)         0.029     1.159 r  sysclk_IBUF_BUFG_inst/O
                         net (fo=27, routed)          0.859     2.018    sysclk_IBUF_BUFG
    SLICE_X43Y52         FDRE                                         r  counter_reg[8]/C
                         clock pessimism             -0.501     1.517    
    SLICE_X43Y52         FDRE (Hold_fdre_C_R)        -0.018     1.499    counter_reg[8]
  -------------------------------------------------------------------
                         required time                         -1.499    
                         arrival time                           2.044    
  -------------------------------------------------------------------
                         slack                                  0.545    

Slack (MET) :             0.545ns  (arrival time - required time)
  Source:                 counter_reg[0]/C
                            (rising edge-triggered cell FDRE clocked by sys_clk_pin  {rise@0.000ns fall@4.000ns period=8.000ns})
  Destination:            counter_reg[9]/R
                            (rising edge-triggered cell FDRE clocked by sys_clk_pin  {rise@0.000ns fall@4.000ns period=8.000ns})
  Path Group:             sys_clk_pin
  Path Type:              Hold (Min at Fast Process Corner)
  Requirement:            0.000ns  (sys_clk_pin rise@0.000ns - sys_clk_pin rise@0.000ns)
  Data Path Delay:        0.543ns  (logic 0.186ns (34.247%)  route 0.357ns (65.753%))
  Logic Levels:           1  (LUT6=1)
  Clock Path Skew:        0.016ns (DCD - SCD - CPR)
    Destination Clock Delay (DCD):    2.018ns
    Source Clock Delay      (SCD):    1.501ns
    Clock Pessimism Removal (CPR):    0.501ns

    Location             Delay type                Incr(ns)  Path(ns)    Netlist Resource(s)
  -------------------------------------------------------------------    -------------------
                         (clock sys_clk_pin rise edge)
                                                      0.000     0.000 r  
    K17                                               0.000     0.000 r  sysclk (IN)
                         net (fo=0)                   0.000     0.000    sysclk
    K17                  IBUF (Prop_ibuf_I_O)         0.259     0.259 r  sysclk_IBUF_inst/O
                         net (fo=1, routed)           0.627     0.887    sysclk_IBUF
    BUFGCTRL_X0Y16       BUFG (Prop_bufg_I_O)         0.026     0.913 r  sysclk_IBUF_BUFG_inst/O
                         net (fo=27, routed)          0.589     1.501    sysclk_IBUF_BUFG
    SLICE_X43Y51         FDRE                                         r  counter_reg[0]/C
  -------------------------------------------------------------------    -------------------
    SLICE_X43Y51         FDRE (Prop_fdre_C_Q)         0.141     1.642 r  counter_reg[0]/Q
                         net (fo=4, routed)           0.218     1.860    counter[0]
    SLICE_X43Y53         LUT6 (Prop_lut6_I4_O)        0.045     1.905 r  counter[25]_i_1/O
                         net (fo=27, routed)          0.139     2.044    counter[25]_i_1_n_0
    SLICE_X43Y52         FDRE                                         r  counter_reg[9]/R
  -------------------------------------------------------------------    -------------------

                         (clock sys_clk_pin rise edge)
                                                      0.000     0.000 r  
    K17                                               0.000     0.000 r  sysclk (IN)
                         net (fo=0)                   0.000     0.000    sysclk
    K17                  IBUF (Prop_ibuf_I_O)         0.447     0.447 r  sysclk_IBUF_inst/O
                         net (fo=1, routed)           0.683     1.130    sysclk_IBUF
    BUFGCTRL_X0Y16       BUFG (Prop_bufg_I_O)         0.029     1.159 r  sysclk_IBUF_BUFG_inst/O
                         net (fo=27, routed)          0.859     2.018    sysclk_IBUF_BUFG
    SLICE_X43Y52         FDRE                                         r  counter_reg[9]/C
                         clock pessimism             -0.501     1.517    
    SLICE_X43Y52         FDRE (Hold_fdre_C_R)        -0.018     1.499    counter_reg[9]
  -------------------------------------------------------------------
                         required time                         -1.499    
                         arrival time                           2.044    
  -------------------------------------------------------------------
                         slack                                  0.545    

Slack (MET) :             0.550ns  (arrival time - required time)
  Source:                 counter_reg[8]/C
                            (rising edge-triggered cell FDRE clocked by sys_clk_pin  {rise@0.000ns fall@4.000ns period=8.000ns})
  Destination:            counter_reg[8]/D
                            (rising edge-triggered cell FDRE clocked by sys_clk_pin  {rise@0.000ns fall@4.000ns period=8.000ns})
  Path Group:             sys_clk_pin
  Path Type:              Hold (Min at Fast Process Corner)
  Requirement:            0.000ns  (sys_clk_pin rise@0.000ns - sys_clk_pin rise@0.000ns)
  Data Path Delay:        0.642ns  (logic 0.361ns (56.236%)  route 0.281ns (43.764%))
  Logic Levels:           2  (CARRY4=1 LUT3=1)
  Clock Path Skew:        0.000ns (DCD - SCD - CPR)
    Destination Clock Delay (DCD):    2.018ns
    Source Clock Delay      (SCD):    1.501ns
    Clock Pessimism Removal (CPR):    0.517ns

    Location             Delay type                Incr(ns)  Path(ns)    Netlist Resource(s)
  -------------------------------------------------------------------    -------------------
                         (clock sys_clk_pin rise edge)
                                                      0.000     0.000 r  
    K17                                               0.000     0.000 r  sysclk (IN)
                         net (fo=0)                   0.000     0.000    sysclk
    K17                  IBUF (Prop_ibuf_I_O)         0.259     0.259 r  sysclk_IBUF_inst/O
                         net (fo=1, routed)           0.627     0.887    sysclk_IBUF
    BUFGCTRL_X0Y16       BUFG (Prop_bufg_I_O)         0.026     0.913 r  sysclk_IBUF_BUFG_inst/O
                         net (fo=27, routed)          0.589     1.501    sysclk_IBUF_BUFG
    SLICE_X43Y52         FDRE                                         r  counter_reg[8]/C
  -------------------------------------------------------------------    -------------------
    SLICE_X43Y52         FDRE (Prop_fdre_C_Q)         0.141     1.642 r  counter_reg[8]/Q
                         net (fo=2, routed)           0.062     1.705    counter[8]
    SLICE_X42Y52         CARRY4 (Prop_carry4_S[3]_O[3])
                                                      0.109     1.814 r  counter_reg[8]_i_2/O[3]
                         net (fo=1, routed)           0.219     2.032    counter0[8]
    SLICE_X43Y52         LUT3 (Prop_lut3_I2_O)        0.111     2.143 r  counter[8]_i_1/O
                         net (fo=1, routed)           0.000     2.143    p_1_in[8]
    SLICE_X43Y52         FDRE                                         r  counter_reg[8]/D
  -------------------------------------------------------------------    -------------------

                         (clock sys_clk_pin rise edge)
                                                      0.000     0.000 r  
    K17                                               0.000     0.000 r  sysclk (IN)
                         net (fo=0)                   0.000     0.000    sysclk
    K17                  IBUF (Prop_ibuf_I_O)         0.447     0.447 r  sysclk_IBUF_inst/O
                         net (fo=1, routed)           0.683     1.130    sysclk_IBUF
    BUFGCTRL_X0Y16       BUFG (Prop_bufg_I_O)         0.029     1.159 r  sysclk_IBUF_BUFG_inst/O
                         net (fo=27, routed)          0.859     2.018    sysclk_IBUF_BUFG
    SLICE_X43Y52         FDRE                                         r  counter_reg[8]/C
                         clock pessimism             -0.517     1.501    
    SLICE_X43Y52         FDRE (Hold_fdre_C_D)         0.092     1.593    counter_reg[8]
  -------------------------------------------------------------------
                         required time                         -1.593    
                         arrival time                           2.143    
  -------------------------------------------------------------------
                         slack                                  0.550    

Slack (MET) :             0.569ns  (arrival time - required time)
  Source:                 counter_reg[7]/C
                            (rising edge-triggered cell FDRE clocked by sys_clk_pin  {rise@0.000ns fall@4.000ns period=8.000ns})
  Destination:            counter_reg[7]/D
                            (rising edge-triggered cell FDRE clocked by sys_clk_pin  {rise@0.000ns fall@4.000ns period=8.000ns})
  Path Group:             sys_clk_pin
  Path Type:              Hold (Min at Fast Process Corner)
  Requirement:            0.000ns  (sys_clk_pin rise@0.000ns - sys_clk_pin rise@0.000ns)
  Data Path Delay:        0.676ns  (logic 0.397ns (58.704%)  route 0.279ns (41.296%))
  Logic Levels:           2  (CARRY4=1 LUT3=1)
  Clock Path Skew:        0.000ns (DCD - SCD - CPR)
    Destination Clock Delay (DCD):    2.018ns
    Source Clock Delay      (SCD):    1.501ns
    Clock Pessimism Removal (CPR):    0.517ns

    Location             Delay type                Incr(ns)  Path(ns)    Netlist Resource(s)
  -------------------------------------------------------------------    -------------------
                         (clock sys_clk_pin rise edge)
                                                      0.000     0.000 r  
    K17                                               0.000     0.000 r  sysclk (IN)
                         net (fo=0)                   0.000     0.000    sysclk
    K17                  IBUF (Prop_ibuf_I_O)         0.259     0.259 r  sysclk_IBUF_inst/O
                         net (fo=1, routed)           0.627     0.887    sysclk_IBUF
    BUFGCTRL_X0Y16       BUFG (Prop_bufg_I_O)         0.026     0.913 r  sysclk_IBUF_BUFG_inst/O
                         net (fo=27, routed)          0.589     1.501    sysclk_IBUF_BUFG
    SLICE_X43Y52         FDRE                                         r  counter_reg[7]/C
  -------------------------------------------------------------------    -------------------
    SLICE_X43Y52         FDRE (Prop_fdre_C_Q)         0.128     1.629 r  counter_reg[7]/Q
                         net (fo=2, routed)           0.124     1.753    counter[7]
    SLICE_X42Y52         CARRY4 (Prop_carry4_S[2]_O[2])
                                                      0.164     1.917 r  counter_reg[8]_i_2/O[2]
                         net (fo=1, routed)           0.156     2.073    counter0[7]
    SLICE_X43Y52         LUT3 (Prop_lut3_I2_O)        0.105     2.178 r  counter[7]_i_1/O
                         net (fo=1, routed)           0.000     2.178    p_1_in[7]
    SLICE_X43Y52         FDRE                                         r  counter_reg[7]/D
  -------------------------------------------------------------------    -------------------

                         (clock sys_clk_pin rise edge)
                                                      0.000     0.000 r  
    K17                                               0.000     0.000 r  sysclk (IN)
                         net (fo=0)                   0.000     0.000    sysclk
    K17                  IBUF (Prop_ibuf_I_O)         0.447     0.447 r  sysclk_IBUF_inst/O
                         net (fo=1, routed)           0.683     1.130    sysclk_IBUF
    BUFGCTRL_X0Y16       BUFG (Prop_bufg_I_O)         0.029     1.159 r  sysclk_IBUF_BUFG_inst/O
                         net (fo=27, routed)          0.859     2.018    sysclk_IBUF_BUFG
    SLICE_X43Y52         FDRE                                         r  counter_reg[7]/C
                         clock pessimism             -0.517     1.501    
    SLICE_X43Y52         FDRE (Hold_fdre_C_D)         0.107     1.608    counter_reg[7]
  -------------------------------------------------------------------
                         required time                         -1.608    
                         arrival time                           2.178    
  -------------------------------------------------------------------
                         slack                                  0.569    

Slack (MET) :             0.576ns  (arrival time - required time)
  Source:                 counter_reg[16]/C
                            (rising edge-triggered cell FDRE clocked by sys_clk_pin  {rise@0.000ns fall@4.000ns period=8.000ns})
  Destination:            counter_reg[16]/D
                            (rising edge-triggered cell FDRE clocked by sys_clk_pin  {rise@0.000ns fall@4.000ns period=8.000ns})
  Path Group:             sys_clk_pin
  Path Type:              Hold (Min at Fast Process Corner)
  Requirement:            0.000ns  (sys_clk_pin rise@0.000ns - sys_clk_pin rise@0.000ns)
  Data Path Delay:        0.667ns  (logic 0.361ns (54.129%)  route 0.306ns (45.871%))
  Logic Levels:           2  (CARRY4=1 LUT3=1)
  Clock Path Skew:        0.000ns (DCD - SCD - CPR)
    Destination Clock Delay (DCD):    2.017ns
    Source Clock Delay      (SCD):    1.500ns
    Clock Pessimism Removal (CPR):    0.517ns

    Location             Delay type                Incr(ns)  Path(ns)    Netlist Resource(s)
  -------------------------------------------------------------------    -------------------
                         (clock sys_clk_pin rise edge)
                                                      0.000     0.000 r  
    K17                                               0.000     0.000 r  sysclk (IN)
                         net (fo=0)                   0.000     0.000    sysclk
    K17                  IBUF (Prop_ibuf_I_O)         0.259     0.259 r  sysclk_IBUF_inst/O
                         net (fo=1, routed)           0.627     0.887    sysclk_IBUF
    BUFGCTRL_X0Y16       BUFG (Prop_bufg_I_O)         0.026     0.913 r  sysclk_IBUF_BUFG_inst/O
                         net (fo=27, routed)          0.588     1.500    sysclk_IBUF_BUFG
    SLICE_X43Y55         FDRE                                         r  counter_reg[16]/C
  -------------------------------------------------------------------    -------------------
    SLICE_X43Y55         FDRE (Prop_fdre_C_Q)         0.141     1.641 r  counter_reg[16]/Q
                         net (fo=2, routed)           0.117     1.758    counter[16]
    SLICE_X42Y54         CARRY4 (Prop_carry4_S[3]_O[3])
                                                      0.109     1.867 r  counter_reg[16]_i_2/O[3]
                         net (fo=1, routed)           0.189     2.056    counter0[16]
    SLICE_X43Y55         LUT3 (Prop_lut3_I2_O)        0.111     2.167 r  counter[16]_i_1/O
                         net (fo=1, routed)           0.000     2.167    p_1_in[16]
    SLICE_X43Y55         FDRE                                         r  counter_reg[16]/D
  -------------------------------------------------------------------    -------------------

                         (clock sys_clk_pin rise edge)
                                                      0.000     0.000 r  
    K17                                               0.000     0.000 r  sysclk (IN)
                         net (fo=0)                   0.000     0.000    sysclk
    K17                  IBUF (Prop_ibuf_I_O)         0.447     0.447 r  sysclk_IBUF_inst/O
                         net (fo=1, routed)           0.683     1.130    sysclk_IBUF
    BUFGCTRL_X0Y16       BUFG (Prop_bufg_I_O)         0.029     1.159 r  sysclk_IBUF_BUFG_inst/O
                         net (fo=27, routed)          0.858     2.017    sysclk_IBUF_BUFG
    SLICE_X43Y55         FDRE                                         r  counter_reg[16]/C
                         clock pessimism             -0.517     1.500    
    SLICE_X43Y55         FDRE (Hold_fdre_C_D)         0.091     1.591    counter_reg[16]
  -------------------------------------------------------------------
                         required time                         -1.591    
                         arrival time                           2.167    
  -------------------------------------------------------------------
                         slack                                  0.576    





Pulse Width Checks
--------------------------------------------------------------------------------------
Clock Name:         sys_clk_pin
Waveform(ns):       { 0.000 4.000 }
Period(ns):         8.000
Sources:            { sysclk }

Check Type        Corner  Lib Pin  Reference Pin  Required(ns)  Actual(ns)  Slack(ns)  Location        Pin
Min Period        n/a     BUFG/I   n/a            1.592         8.000       6.408      BUFGCTRL_X0Y16  sysclk_IBUF_BUFG_inst/I
Min Period        n/a     FDRE/C   n/a            1.000         8.000       7.000      SLICE_X43Y51    counter_reg[0]/C
Min Period        n/a     FDRE/C   n/a            1.000         8.000       7.000      SLICE_X43Y54    counter_reg[10]/C
Min Period        n/a     FDRE/C   n/a            1.000         8.000       7.000      SLICE_X43Y54    counter_reg[11]/C
Min Period        n/a     FDRE/C   n/a            1.000         8.000       7.000      SLICE_X43Y54    counter_reg[12]/C
Min Period        n/a     FDRE/C   n/a            1.000         8.000       7.000      SLICE_X43Y54    counter_reg[13]/C
Min Period        n/a     FDRE/C   n/a            1.000         8.000       7.000      SLICE_X43Y54    counter_reg[14]/C
Min Period        n/a     FDRE/C   n/a            1.000         8.000       7.000      SLICE_X43Y54    counter_reg[15]/C
Min Period        n/a     FDRE/C   n/a            1.000         8.000       7.000      SLICE_X43Y55    counter_reg[16]/C
Min Period        n/a     FDRE/C   n/a            1.000         8.000       7.000      SLICE_X43Y55    counter_reg[17]/C
Low Pulse Width   Slow    FDRE/C   n/a            0.500         4.000       3.500      SLICE_X43Y51    counter_reg[0]/C
Low Pulse Width   Fast    FDRE/C   n/a            0.500         4.000       3.500      SLICE_X43Y51    counter_reg[0]/C
Low Pulse Width   Slow    FDRE/C   n/a            0.500         4.000       3.500      SLICE_X43Y54    counter_reg[10]/C
Low Pulse Width   Fast    FDRE/C   n/a            0.500         4.000       3.500      SLICE_X43Y54    counter_reg[10]/C
Low Pulse Width   Slow    FDRE/C   n/a            0.500         4.000       3.500      SLICE_X43Y54    counter_reg[11]/C
Low Pulse Width   Fast    FDRE/C   n/a            0.500         4.000       3.500      SLICE_X43Y54    counter_reg[11]/C
Low Pulse Width   Slow    FDRE/C   n/a            0.500         4.000       3.500      SLICE_X43Y54    counter_reg[12]/C
Low Pulse Width   Fast    FDRE/C   n/a            0.500         4.000       3.500      SLICE_X43Y54    counter_reg[12]/C
Low Pulse Width   Slow    FDRE/C   n/a            0.500         4.000       3.500      SLICE_X43Y54    counter_reg[13]/C
Low Pulse Width   Fast    FDRE/C   n/a            0.500         4.000       3.500      SLICE_X43Y54    counter_reg[13]/C
High Pulse Width  Slow    FDRE/C   n/a            0.500         4.000       3.500      SLICE_X43Y51    counter_reg[0]/C
High Pulse Width  Fast    FDRE/C   n/a            0.500         4.000       3.500      SLICE_X43Y51    counter_reg[0]/C
High Pulse Width  Slow    FDRE/C   n/a            0.500         4.000       3.500      SLICE_X43Y54    counter_reg[10]/C
High Pulse Width  Fast    FDRE/C   n/a            0.500         4.000       3.500      SLICE_X43Y54    counter_reg[10]/C
High Pulse Width  Slow    FDRE/C   n/a            0.500         4.000       3.500      SLICE_X43Y54    counter_reg[11]/C
High Pulse Width  Fast    FDRE/C   n/a            0.500         4.000       3.500      SLICE_X43Y54    counter_reg[11]/C
High Pulse Width  Slow    FDRE/C   n/a            0.500         4.000       3.500      SLICE_X43Y54    counter_reg[12]/C
High Pulse Width  Fast    FDRE/C   n/a            0.500         4.000       3.500      SLICE_X43Y54    counter_reg[12]/C
High Pulse Width  Slow    FDRE/C   n/a            0.500         4.000       3.500      SLICE_X43Y54    counter_reg[13]/C
High Pulse Width  Fast    FDRE/C   n/a            0.500         4.000       3.500      SLICE_X43Y54    counter_reg[13]/C



--------------------------------------------------------------------------------------
Path Group:  (none)
From Clock:  sys_clk_pin
  To Clock:  

Max Delay             1 Endpoint
Min Delay             1 Endpoint
--------------------------------------------------------------------------------------


Max Delay Paths
--------------------------------------------------------------------------------------
Slack:                    inf
  Source:                 led_out_reg/C
                            (rising edge-triggered cell FDRE clocked by sys_clk_pin  {rise@0.000ns fall@4.000ns period=8.000ns})
  Destination:            led_out
                            (output port)
  Path Group:             (none)
  Path Type:              Max at Slow Process Corner
  Data Path Delay:        4.711ns  (logic 3.495ns (74.176%)  route 1.217ns (25.824%))
  Logic Levels:           1  (OBUF=1)
  Clock Uncertainty:      0.025ns  ((TSJ^2 + TIJ^2)^1/2 + DJ) / 2 + PE
    Total System Jitter     (TSJ):    0.050ns
    Total Input Jitter      (TIJ):    0.000ns
    Discrete Jitter          (DJ):    0.000ns
    Phase Error              (PE):    0.000ns

    Location             Delay type                Incr(ns)  Path(ns)    Netlist Resource(s)
  -------------------------------------------------------------------    -------------------
                         (clock sys_clk_pin rise edge)
                                                      0.000     0.000 r  
    K17                                               0.000     0.000 r  sysclk (IN)
                         net (fo=0)                   0.000     0.000    sysclk
    K17                  IBUF (Prop_ibuf_I_O)         1.340     1.340 r  sysclk_IBUF_inst/O
                         net (fo=1, routed)           1.559     2.899    sysclk_IBUF
    BUFGCTRL_X0Y16       BUFG (Prop_bufg_I_O)         0.079     2.978 r  sysclk_IBUF_BUFG_inst/O
                         net (fo=27, routed)          1.322     4.300    sysclk_IBUF_BUFG
    SLICE_X43Y53         FDRE                                         r  led_out_reg/C
  -------------------------------------------------------------------    -------------------
    SLICE_X43Y53         FDRE (Prop_fdre_C_Q)         0.341     4.641 r  led_out_reg/Q
                         net (fo=3, routed)           1.217     5.857    led_out_OBUF
    M14                  OBUF (Prop_obuf_I_O)         3.154     9.011 r  led_out_OBUF_inst/O
                         net (fo=0)                   0.000     9.011    led_out
    M14                                                               r  led_out (OUT)
  -------------------------------------------------------------------    -------------------





Min Delay Paths
--------------------------------------------------------------------------------------
Slack:                    inf
  Source:                 led_out_reg/C
                            (rising edge-triggered cell FDRE clocked by sys_clk_pin  {rise@0.000ns fall@4.000ns period=8.000ns})
  Destination:            led_out
                            (output port)
  Path Group:             (none)
  Path Type:              Min at Fast Process Corner
  Data Path Delay:        1.708ns  (logic 1.373ns (80.404%)  route 0.335ns (19.596%))
  Logic Levels:           1  (OBUF=1)
  Clock Uncertainty:      0.025ns  ((TSJ^2 + TIJ^2)^1/2 + DJ) / 2 + PE
    Total System Jitter     (TSJ):    0.050ns
    Total Input Jitter      (TIJ):    0.000ns
    Discrete Jitter          (DJ):    0.000ns
    Phase Error              (PE):    0.000ns

    Location             Delay type                Incr(ns)  Path(ns)    Netlist Resource(s)
  -------------------------------------------------------------------    -------------------
                         (clock sys_clk_pin rise edge)
                                                      0.000     0.000 r  
    K17                                               0.000     0.000 r  sysclk (IN)
                         net (fo=0)                   0.000     0.000    sysclk
    K17                  IBUF (Prop_ibuf_I_O)         0.259     0.259 r  sysclk_IBUF_inst/O
                         net (fo=1, routed)           0.627     0.887    sysclk_IBUF
    BUFGCTRL_X0Y16       BUFG (Prop_bufg_I_O)         0.026     0.913 r  sysclk_IBUF_BUFG_inst/O
                         net (fo=27, routed)          0.588     1.500    sysclk_IBUF_BUFG
    SLICE_X43Y53         FDRE                                         r  led_out_reg/C
  -------------------------------------------------------------------    -------------------
    SLICE_X43Y53         FDRE (Prop_fdre_C_Q)         0.141     1.641 r  led_out_reg/Q
                         net (fo=3, routed)           0.335     1.976    led_out_OBUF
    M14                  OBUF (Prop_obuf_I_O)         1.232     3.208 r  led_out_OBUF_inst/O
                         net (fo=0)                   0.000     3.208    led_out
    M14                                                               r  led_out (OUT)
  -------------------------------------------------------------------    -------------------





--------------------------------------------------------------------------------------
Path Group:  (none)
From Clock:  
  To Clock:  sys_clk_pin

Max Delay            27 Endpoints
Min Delay            27 Endpoints
--------------------------------------------------------------------------------------


Max Delay Paths
--------------------------------------------------------------------------------------
Slack:                    inf
  Source:                 rst
                            (input port)
  Destination:            counter_reg[5]/D
                            (rising edge-triggered cell FDRE clocked by sys_clk_pin  {rise@0.000ns fall@4.000ns period=8.000ns})
  Path Group:             (none)
  Path Type:              Setup (Max at Slow Process Corner)
  Data Path Delay:        3.418ns  (logic 1.440ns (42.125%)  route 1.978ns (57.875%))
  Logic Levels:           2  (IBUF=1 LUT3=1)
  Clock Path Skew:        3.933ns (DCD - SCD + CPR)
    Destination Clock Delay (DCD):    3.933ns
    Source Clock Delay      (SCD):    0.000ns
    Clock Pessimism Removal (CPR):    0.000ns
  Clock Uncertainty:      0.025ns  ((TSJ^2 + TIJ^2)^1/2 + DJ) / 2 + PE
    Total System Jitter     (TSJ):    0.050ns
    Total Input Jitter      (TIJ):    0.000ns
    Discrete Jitter          (DJ):    0.000ns
    Phase Error              (PE):    0.000ns

    Location             Delay type                Incr(ns)  Path(ns)    Netlist Resource(s)
  -------------------------------------------------------------------    -------------------
    K18                                               0.000     0.000 f  rst (IN)
                         net (fo=0)                   0.000     0.000    rst
    K18                  IBUF (Prop_ibuf_I_O)         1.337     1.337 f  rst_IBUF_inst/O
                         net (fo=27, routed)          1.978     3.315    rst_IBUF
    SLICE_X43Y51         LUT3 (Prop_lut3_I0_O)        0.103     3.418 r  counter[5]_i_1/O
                         net (fo=1, routed)           0.000     3.418    p_1_in[5]
    SLICE_X43Y51         FDRE                                         r  counter_reg[5]/D
  -------------------------------------------------------------------    -------------------

                         (clock sys_clk_pin rise edge)
                                                      0.000     0.000 r  
    K17                                               0.000     0.000 r  sysclk (IN)
                         net (fo=0)                   0.000     0.000    sysclk
    K17                  IBUF (Prop_ibuf_I_O)         1.273     1.273 r  sysclk_IBUF_inst/O
                         net (fo=1, routed)           1.409     2.681    sysclk_IBUF
    BUFGCTRL_X0Y16       BUFG (Prop_bufg_I_O)         0.072     2.753 r  sysclk_IBUF_BUFG_inst/O
                         net (fo=27, routed)          1.179     3.933    sysclk_IBUF_BUFG
    SLICE_X43Y51         FDRE                                         r  counter_reg[5]/C

Slack:                    inf
  Source:                 rst
                            (input port)
  Destination:            counter_reg[4]/D
                            (rising edge-triggered cell FDRE clocked by sys_clk_pin  {rise@0.000ns fall@4.000ns period=8.000ns})
  Path Group:             (none)
  Path Type:              Setup (Max at Slow Process Corner)
  Data Path Delay:        3.412ns  (logic 1.434ns (42.023%)  route 1.978ns (57.977%))
  Logic Levels:           2  (IBUF=1 LUT3=1)
  Clock Path Skew:        3.933ns (DCD - SCD + CPR)
    Destination Clock Delay (DCD):    3.933ns
    Source Clock Delay      (SCD):    0.000ns
    Clock Pessimism Removal (CPR):    0.000ns
  Clock Uncertainty:      0.025ns  ((TSJ^2 + TIJ^2)^1/2 + DJ) / 2 + PE
    Total System Jitter     (TSJ):    0.050ns
    Total Input Jitter      (TIJ):    0.000ns
    Discrete Jitter          (DJ):    0.000ns
    Phase Error              (PE):    0.000ns

    Location             Delay type                Incr(ns)  Path(ns)    Netlist Resource(s)
  -------------------------------------------------------------------    -------------------
    K18                                               0.000     0.000 f  rst (IN)
                         net (fo=0)                   0.000     0.000    rst
    K18                  IBUF (Prop_ibuf_I_O)         1.337     1.337 f  rst_IBUF_inst/O
                         net (fo=27, routed)          1.978     3.315    rst_IBUF
    SLICE_X43Y51         LUT3 (Prop_lut3_I0_O)        0.097     3.412 r  counter[4]_i_1/O
                         net (fo=1, routed)           0.000     3.412    p_1_in[4]
    SLICE_X43Y51         FDRE                                         r  counter_reg[4]/D
  -------------------------------------------------------------------    -------------------

                         (clock sys_clk_pin rise edge)
                                                      0.000     0.000 r  
    K17                                               0.000     0.000 r  sysclk (IN)
                         net (fo=0)                   0.000     0.000    sysclk
    K17                  IBUF (Prop_ibuf_I_O)         1.273     1.273 r  sysclk_IBUF_inst/O
                         net (fo=1, routed)           1.409     2.681    sysclk_IBUF
    BUFGCTRL_X0Y16       BUFG (Prop_bufg_I_O)         0.072     2.753 r  sysclk_IBUF_BUFG_inst/O
                         net (fo=27, routed)          1.179     3.933    sysclk_IBUF_BUFG
    SLICE_X43Y51         FDRE                                         r  counter_reg[4]/C

Slack:                    inf
  Source:                 rst
                            (input port)
  Destination:            led_out_reg/D
                            (rising edge-triggered cell FDRE clocked by sys_clk_pin  {rise@0.000ns fall@4.000ns period=8.000ns})
  Path Group:             (none)
  Path Type:              Setup (Max at Slow Process Corner)
  Data Path Delay:        3.396ns  (logic 1.434ns (42.223%)  route 1.962ns (57.777%))
  Logic Levels:           2  (IBUF=1 LUT5=1)
  Clock Path Skew:        3.933ns (DCD - SCD + CPR)
    Destination Clock Delay (DCD):    3.933ns
    Source Clock Delay      (SCD):    0.000ns
    Clock Pessimism Removal (CPR):    0.000ns
  Clock Uncertainty:      0.025ns  ((TSJ^2 + TIJ^2)^1/2 + DJ) / 2 + PE
    Total System Jitter     (TSJ):    0.050ns
    Total Input Jitter      (TIJ):    0.000ns
    Discrete Jitter          (DJ):    0.000ns
    Phase Error              (PE):    0.000ns

    Location             Delay type                Incr(ns)  Path(ns)    Netlist Resource(s)
  -------------------------------------------------------------------    -------------------
    K18                                               0.000     0.000 f  rst (IN)
                         net (fo=0)                   0.000     0.000    rst
    K18                  IBUF (Prop_ibuf_I_O)         1.337     1.337 f  rst_IBUF_inst/O
                         net (fo=27, routed)          1.962     3.299    rst_IBUF
    SLICE_X43Y53         LUT5 (Prop_lut5_I4_O)        0.097     3.396 r  led_out_i_1/O
                         net (fo=1, routed)           0.000     3.396    led_out_i_1_n_0
    SLICE_X43Y53         FDRE                                         r  led_out_reg/D
  -------------------------------------------------------------------    -------------------

                         (clock sys_clk_pin rise edge)
                                                      0.000     0.000 r  
    K17                                               0.000     0.000 r  sysclk (IN)
                         net (fo=0)                   0.000     0.000    sysclk
    K17                  IBUF (Prop_ibuf_I_O)         1.273     1.273 r  sysclk_IBUF_inst/O
                         net (fo=1, routed)           1.409     2.681    sysclk_IBUF
    BUFGCTRL_X0Y16       BUFG (Prop_bufg_I_O)         0.072     2.753 r  sysclk_IBUF_BUFG_inst/O
                         net (fo=27, routed)          1.179     3.933    sysclk_IBUF_BUFG
    SLICE_X43Y53         FDRE                                         r  led_out_reg/C

Slack:                    inf
  Source:                 rst
                            (input port)
  Destination:            counter_reg[15]/D
                            (rising edge-triggered cell FDRE clocked by sys_clk_pin  {rise@0.000ns fall@4.000ns period=8.000ns})
  Path Group:             (none)
  Path Type:              Setup (Max at Slow Process Corner)
  Data Path Delay:        3.209ns  (logic 1.440ns (44.880%)  route 1.769ns (55.120%))
  Logic Levels:           2  (IBUF=1 LUT3=1)
  Clock Path Skew:        3.933ns (DCD - SCD + CPR)
    Destination Clock Delay (DCD):    3.933ns
    Source Clock Delay      (SCD):    0.000ns
    Clock Pessimism Removal (CPR):    0.000ns
  Clock Uncertainty:      0.025ns  ((TSJ^2 + TIJ^2)^1/2 + DJ) / 2 + PE
    Total System Jitter     (TSJ):    0.050ns
    Total Input Jitter      (TIJ):    0.000ns
    Discrete Jitter          (DJ):    0.000ns
    Phase Error              (PE):    0.000ns

    Location             Delay type                Incr(ns)  Path(ns)    Netlist Resource(s)
  -------------------------------------------------------------------    -------------------
    K18                                               0.000     0.000 f  rst (IN)
                         net (fo=0)                   0.000     0.000    rst
    K18                  IBUF (Prop_ibuf_I_O)         1.337     1.337 f  rst_IBUF_inst/O
                         net (fo=27, routed)          1.769     3.106    rst_IBUF
    SLICE_X43Y54         LUT3 (Prop_lut3_I0_O)        0.103     3.209 r  counter[15]_i_1/O
                         net (fo=1, routed)           0.000     3.209    p_1_in[15]
    SLICE_X43Y54         FDRE                                         r  counter_reg[15]/D
  -------------------------------------------------------------------    -------------------

                         (clock sys_clk_pin rise edge)
                                                      0.000     0.000 r  
    K17                                               0.000     0.000 r  sysclk (IN)
                         net (fo=0)                   0.000     0.000    sysclk
    K17                  IBUF (Prop_ibuf_I_O)         1.273     1.273 r  sysclk_IBUF_inst/O
                         net (fo=1, routed)           1.409     2.681    sysclk_IBUF
    BUFGCTRL_X0Y16       BUFG (Prop_bufg_I_O)         0.072     2.753 r  sysclk_IBUF_BUFG_inst/O
                         net (fo=27, routed)          1.179     3.933    sysclk_IBUF_BUFG
    SLICE_X43Y54         FDRE                                         r  counter_reg[15]/C

Slack:                    inf
  Source:                 rst
                            (input port)
  Destination:            counter_reg[14]/D
                            (rising edge-triggered cell FDRE clocked by sys_clk_pin  {rise@0.000ns fall@4.000ns period=8.000ns})
  Path Group:             (none)
  Path Type:              Setup (Max at Slow Process Corner)
  Data Path Delay:        3.203ns  (logic 1.434ns (44.776%)  route 1.769ns (55.224%))
  Logic Levels:           2  (IBUF=1 LUT3=1)
  Clock Path Skew:        3.933ns (DCD - SCD + CPR)
    Destination Clock Delay (DCD):    3.933ns
    Source Clock Delay      (SCD):    0.000ns
    Clock Pessimism Removal (CPR):    0.000ns
  Clock Uncertainty:      0.025ns  ((TSJ^2 + TIJ^2)^1/2 + DJ) / 2 + PE
    Total System Jitter     (TSJ):    0.050ns
    Total Input Jitter      (TIJ):    0.000ns
    Discrete Jitter          (DJ):    0.000ns
    Phase Error              (PE):    0.000ns

    Location             Delay type                Incr(ns)  Path(ns)    Netlist Resource(s)
  -------------------------------------------------------------------    -------------------
    K18                                               0.000     0.000 f  rst (IN)
                         net (fo=0)                   0.000     0.000    rst
    K18                  IBUF (Prop_ibuf_I_O)         1.337     1.337 f  rst_IBUF_inst/O
                         net (fo=27, routed)          1.769     3.106    rst_IBUF
    SLICE_X43Y54         LUT3 (Prop_lut3_I0_O)        0.097     3.203 r  counter[14]_i_1/O
                         net (fo=1, routed)           0.000     3.203    p_1_in[14]
    SLICE_X43Y54         FDRE                                         r  counter_reg[14]/D
  -------------------------------------------------------------------    -------------------

                         (clock sys_clk_pin rise edge)
                                                      0.000     0.000 r  
    K17                                               0.000     0.000 r  sysclk (IN)
                         net (fo=0)                   0.000     0.000    sysclk
    K17                  IBUF (Prop_ibuf_I_O)         1.273     1.273 r  sysclk_IBUF_inst/O
                         net (fo=1, routed)           1.409     2.681    sysclk_IBUF
    BUFGCTRL_X0Y16       BUFG (Prop_bufg_I_O)         0.072     2.753 r  sysclk_IBUF_BUFG_inst/O
                         net (fo=27, routed)          1.179     3.933    sysclk_IBUF_BUFG
    SLICE_X43Y54         FDRE                                         r  counter_reg[14]/C

Slack:                    inf
  Source:                 rst
                            (input port)
  Destination:            counter_reg[9]/D
                            (rising edge-triggered cell FDRE clocked by sys_clk_pin  {rise@0.000ns fall@4.000ns period=8.000ns})
  Path Group:             (none)
  Path Type:              Setup (Max at Slow Process Corner)
  Data Path Delay:        3.177ns  (logic 1.448ns (45.583%)  route 1.729ns (54.417%))
  Logic Levels:           2  (IBUF=1 LUT3=1)
  Clock Path Skew:        3.933ns (DCD - SCD + CPR)
    Destination Clock Delay (DCD):    3.933ns
    Source Clock Delay      (SCD):    0.000ns
    Clock Pessimism Removal (CPR):    0.000ns
  Clock Uncertainty:      0.025ns  ((TSJ^2 + TIJ^2)^1/2 + DJ) / 2 + PE
    Total System Jitter     (TSJ):    0.050ns
    Total Input Jitter      (TIJ):    0.000ns
    Discrete Jitter          (DJ):    0.000ns
    Phase Error              (PE):    0.000ns

    Location             Delay type                Incr(ns)  Path(ns)    Netlist Resource(s)
  -------------------------------------------------------------------    -------------------
    K18                                               0.000     0.000 f  rst (IN)
                         net (fo=0)                   0.000     0.000    rst
    K18                  IBUF (Prop_ibuf_I_O)         1.337     1.337 f  rst_IBUF_inst/O
                         net (fo=27, routed)          1.729     3.066    rst_IBUF
    SLICE_X43Y52         LUT3 (Prop_lut3_I0_O)        0.111     3.177 r  counter[9]_i_1/O
                         net (fo=1, routed)           0.000     3.177    p_1_in[9]
    SLICE_X43Y52         FDRE                                         r  counter_reg[9]/D
  -------------------------------------------------------------------    -------------------

                         (clock sys_clk_pin rise edge)
                                                      0.000     0.000 r  
    K17                                               0.000     0.000 r  sysclk (IN)
                         net (fo=0)                   0.000     0.000    sysclk
    K17                  IBUF (Prop_ibuf_I_O)         1.273     1.273 r  sysclk_IBUF_inst/O
                         net (fo=1, routed)           1.409     2.681    sysclk_IBUF
    BUFGCTRL_X0Y16       BUFG (Prop_bufg_I_O)         0.072     2.753 r  sysclk_IBUF_BUFG_inst/O
                         net (fo=27, routed)          1.179     3.933    sysclk_IBUF_BUFG
    SLICE_X43Y52         FDRE                                         r  counter_reg[9]/C

Slack:                    inf
  Source:                 rst
                            (input port)
  Destination:            counter_reg[8]/D
                            (rising edge-triggered cell FDRE clocked by sys_clk_pin  {rise@0.000ns fall@4.000ns period=8.000ns})
  Path Group:             (none)
  Path Type:              Setup (Max at Slow Process Corner)
  Data Path Delay:        3.163ns  (logic 1.434ns (45.342%)  route 1.729ns (54.658%))
  Logic Levels:           2  (IBUF=1 LUT3=1)
  Clock Path Skew:        3.933ns (DCD - SCD + CPR)
    Destination Clock Delay (DCD):    3.933ns
    Source Clock Delay      (SCD):    0.000ns
    Clock Pessimism Removal (CPR):    0.000ns
  Clock Uncertainty:      0.025ns  ((TSJ^2 + TIJ^2)^1/2 + DJ) / 2 + PE
    Total System Jitter     (TSJ):    0.050ns
    Total Input Jitter      (TIJ):    0.000ns
    Discrete Jitter          (DJ):    0.000ns
    Phase Error              (PE):    0.000ns

    Location             Delay type                Incr(ns)  Path(ns)    Netlist Resource(s)
  -------------------------------------------------------------------    -------------------
    K18                                               0.000     0.000 f  rst (IN)
                         net (fo=0)                   0.000     0.000    rst
    K18                  IBUF (Prop_ibuf_I_O)         1.337     1.337 f  rst_IBUF_inst/O
                         net (fo=27, routed)          1.729     3.066    rst_IBUF
    SLICE_X43Y52         LUT3 (Prop_lut3_I0_O)        0.097     3.163 r  counter[8]_i_1/O
                         net (fo=1, routed)           0.000     3.163    p_1_in[8]
    SLICE_X43Y52         FDRE                                         r  counter_reg[8]/D
  -------------------------------------------------------------------    -------------------

                         (clock sys_clk_pin rise edge)
                                                      0.000     0.000 r  
    K17                                               0.000     0.000 r  sysclk (IN)
                         net (fo=0)                   0.000     0.000    sysclk
    K17                  IBUF (Prop_ibuf_I_O)         1.273     1.273 r  sysclk_IBUF_inst/O
                         net (fo=1, routed)           1.409     2.681    sysclk_IBUF
    BUFGCTRL_X0Y16       BUFG (Prop_bufg_I_O)         0.072     2.753 r  sysclk_IBUF_BUFG_inst/O
                         net (fo=27, routed)          1.179     3.933    sysclk_IBUF_BUFG
    SLICE_X43Y52         FDRE                                         r  counter_reg[8]/C

Slack:                    inf
  Source:                 rst
                            (input port)
  Destination:            counter_reg[3]/D
                            (rising edge-triggered cell FDRE clocked by sys_clk_pin  {rise@0.000ns fall@4.000ns period=8.000ns})
  Path Group:             (none)
  Path Type:              Setup (Max at Slow Process Corner)
  Data Path Delay:        3.105ns  (logic 1.442ns (46.435%)  route 1.663ns (53.565%))
  Logic Levels:           2  (IBUF=1 LUT3=1)
  Clock Path Skew:        3.933ns (DCD - SCD + CPR)
    Destination Clock Delay (DCD):    3.933ns
    Source Clock Delay      (SCD):    0.000ns
    Clock Pessimism Removal (CPR):    0.000ns
  Clock Uncertainty:      0.025ns  ((TSJ^2 + TIJ^2)^1/2 + DJ) / 2 + PE
    Total System Jitter     (TSJ):    0.050ns
    Total Input Jitter      (TIJ):    0.000ns
    Discrete Jitter          (DJ):    0.000ns
    Phase Error              (PE):    0.000ns

    Location             Delay type                Incr(ns)  Path(ns)    Netlist Resource(s)
  -------------------------------------------------------------------    -------------------
    K18                                               0.000     0.000 f  rst (IN)
                         net (fo=0)                   0.000     0.000    rst
    K18                  IBUF (Prop_ibuf_I_O)         1.337     1.337 f  rst_IBUF_inst/O
                         net (fo=27, routed)          1.663     3.000    rst_IBUF
    SLICE_X43Y51         LUT3 (Prop_lut3_I0_O)        0.105     3.105 r  counter[3]_i_1/O
                         net (fo=1, routed)           0.000     3.105    p_1_in[3]
    SLICE_X43Y51         FDRE                                         r  counter_reg[3]/D
  -------------------------------------------------------------------    -------------------

                         (clock sys_clk_pin rise edge)
                                                      0.000     0.000 r  
    K17                                               0.000     0.000 r  sysclk (IN)
                         net (fo=0)                   0.000     0.000    sysclk
    K17                  IBUF (Prop_ibuf_I_O)         1.273     1.273 r  sysclk_IBUF_inst/O
                         net (fo=1, routed)           1.409     2.681    sysclk_IBUF
    BUFGCTRL_X0Y16       BUFG (Prop_bufg_I_O)         0.072     2.753 r  sysclk_IBUF_BUFG_inst/O
                         net (fo=27, routed)          1.179     3.933    sysclk_IBUF_BUFG
    SLICE_X43Y51         FDRE                                         r  counter_reg[3]/C

Slack:                    inf
  Source:                 rst
                            (input port)
  Destination:            counter_reg[1]/D
                            (rising edge-triggered cell FDRE clocked by sys_clk_pin  {rise@0.000ns fall@4.000ns period=8.000ns})
  Path Group:             (none)
  Path Type:              Setup (Max at Slow Process Corner)
  Data Path Delay:        3.103ns  (logic 1.442ns (46.465%)  route 1.661ns (53.535%))
  Logic Levels:           2  (IBUF=1 LUT3=1)
  Clock Path Skew:        3.933ns (DCD - SCD + CPR)
    Destination Clock Delay (DCD):    3.933ns
    Source Clock Delay      (SCD):    0.000ns
    Clock Pessimism Removal (CPR):    0.000ns
  Clock Uncertainty:      0.025ns  ((TSJ^2 + TIJ^2)^1/2 + DJ) / 2 + PE
    Total System Jitter     (TSJ):    0.050ns
    Total Input Jitter      (TIJ):    0.000ns
    Discrete Jitter          (DJ):    0.000ns
    Phase Error              (PE):    0.000ns

    Location             Delay type                Incr(ns)  Path(ns)    Netlist Resource(s)
  -------------------------------------------------------------------    -------------------
    K18                                               0.000     0.000 f  rst (IN)
                         net (fo=0)                   0.000     0.000    rst
    K18                  IBUF (Prop_ibuf_I_O)         1.337     1.337 f  rst_IBUF_inst/O
                         net (fo=27, routed)          1.661     2.998    rst_IBUF
    SLICE_X43Y51         LUT3 (Prop_lut3_I0_O)        0.105     3.103 r  counter[1]_i_1/O
                         net (fo=1, routed)           0.000     3.103    p_1_in[1]
    SLICE_X43Y51         FDRE                                         r  counter_reg[1]/D
  -------------------------------------------------------------------    -------------------

                         (clock sys_clk_pin rise edge)
                                                      0.000     0.000 r  
    K17                                               0.000     0.000 r  sysclk (IN)
                         net (fo=0)                   0.000     0.000    sysclk
    K17                  IBUF (Prop_ibuf_I_O)         1.273     1.273 r  sysclk_IBUF_inst/O
                         net (fo=1, routed)           1.409     2.681    sysclk_IBUF
    BUFGCTRL_X0Y16       BUFG (Prop_bufg_I_O)         0.072     2.753 r  sysclk_IBUF_BUFG_inst/O
                         net (fo=27, routed)          1.179     3.933    sysclk_IBUF_BUFG
    SLICE_X43Y51         FDRE                                         r  counter_reg[1]/C

Slack:                    inf
  Source:                 rst
                            (input port)
  Destination:            counter_reg[2]/D
                            (rising edge-triggered cell FDRE clocked by sys_clk_pin  {rise@0.000ns fall@4.000ns period=8.000ns})
  Path Group:             (none)
  Path Type:              Setup (Max at Slow Process Corner)
  Data Path Delay:        3.097ns  (logic 1.434ns (46.297%)  route 1.663ns (53.703%))
  Logic Levels:           2  (IBUF=1 LUT3=1)
  Clock Path Skew:        3.933ns (DCD - SCD + CPR)
    Destination Clock Delay (DCD):    3.933ns
    Source Clock Delay      (SCD):    0.000ns
    Clock Pessimism Removal (CPR):    0.000ns
  Clock Uncertainty:      0.025ns  ((TSJ^2 + TIJ^2)^1/2 + DJ) / 2 + PE
    Total System Jitter     (TSJ):    0.050ns
    Total Input Jitter      (TIJ):    0.000ns
    Discrete Jitter          (DJ):    0.000ns
    Phase Error              (PE):    0.000ns

    Location             Delay type                Incr(ns)  Path(ns)    Netlist Resource(s)
  -------------------------------------------------------------------    -------------------
    K18                                               0.000     0.000 f  rst (IN)
                         net (fo=0)                   0.000     0.000    rst
    K18                  IBUF (Prop_ibuf_I_O)         1.337     1.337 f  rst_IBUF_inst/O
                         net (fo=27, routed)          1.663     3.000    rst_IBUF
    SLICE_X43Y51         LUT3 (Prop_lut3_I0_O)        0.097     3.097 r  counter[2]_i_1/O
                         net (fo=1, routed)           0.000     3.097    p_1_in[2]
    SLICE_X43Y51         FDRE                                         r  counter_reg[2]/D
  -------------------------------------------------------------------    -------------------

                         (clock sys_clk_pin rise edge)
                                                      0.000     0.000 r  
    K17                                               0.000     0.000 r  sysclk (IN)
                         net (fo=0)                   0.000     0.000    sysclk
    K17                  IBUF (Prop_ibuf_I_O)         1.273     1.273 r  sysclk_IBUF_inst/O
                         net (fo=1, routed)           1.409     2.681    sysclk_IBUF
    BUFGCTRL_X0Y16       BUFG (Prop_bufg_I_O)         0.072     2.753 r  sysclk_IBUF_BUFG_inst/O
                         net (fo=27, routed)          1.179     3.933    sysclk_IBUF_BUFG
    SLICE_X43Y51         FDRE                                         r  counter_reg[2]/C





Min Delay Paths
--------------------------------------------------------------------------------------
Slack:                    inf
  Source:                 led_en
                            (input port)
  Destination:            counter_reg[18]/D
                            (rising edge-triggered cell FDRE clocked by sys_clk_pin  {rise@0.000ns fall@4.000ns period=8.000ns})
  Path Group:             (none)
  Path Type:              Hold (Min at Fast Process Corner)
  Data Path Delay:        0.787ns  (logic 0.265ns (33.755%)  route 0.521ns (66.245%))
  Logic Levels:           2  (IBUF=1 LUT3=1)
  Clock Path Skew:        2.017ns (DCD - SCD - CPR)
    Destination Clock Delay (DCD):    2.017ns
    Source Clock Delay      (SCD):    0.000ns
    Clock Pessimism Removal (CPR):    -0.000ns

    Location             Delay type                Incr(ns)  Path(ns)    Netlist Resource(s)
  -------------------------------------------------------------------    -------------------
    G15                                               0.000     0.000 r  led_en (IN)
                         net (fo=0)                   0.000     0.000    led_en
    G15                  IBUF (Prop_ibuf_I_O)         0.220     0.220 r  led_en_IBUF_inst/O
                         net (fo=27, routed)          0.521     0.742    led_en_IBUF
    SLICE_X43Y55         LUT3 (Prop_lut3_I1_O)        0.045     0.787 r  counter[18]_i_1/O
                         net (fo=1, routed)           0.000     0.787    p_1_in[18]
    SLICE_X43Y55         FDRE                                         r  counter_reg[18]/D
  -------------------------------------------------------------------    -------------------

                         (clock sys_clk_pin rise edge)
                                                      0.000     0.000 r  
    K17                                               0.000     0.000 r  sysclk (IN)
                         net (fo=0)                   0.000     0.000    sysclk
    K17                  IBUF (Prop_ibuf_I_O)         0.447     0.447 r  sysclk_IBUF_inst/O
                         net (fo=1, routed)           0.683     1.130    sysclk_IBUF
    BUFGCTRL_X0Y16       BUFG (Prop_bufg_I_O)         0.029     1.159 r  sysclk_IBUF_BUFG_inst/O
                         net (fo=27, routed)          0.858     2.017    sysclk_IBUF_BUFG
    SLICE_X43Y55         FDRE                                         r  counter_reg[18]/C

Slack:                    inf
  Source:                 led_en
                            (input port)
  Destination:            counter_reg[19]/D
                            (rising edge-triggered cell FDRE clocked by sys_clk_pin  {rise@0.000ns fall@4.000ns period=8.000ns})
  Path Group:             (none)
  Path Type:              Hold (Min at Fast Process Corner)
  Data Path Delay:        0.787ns  (logic 0.265ns (33.755%)  route 0.521ns (66.245%))
  Logic Levels:           2  (IBUF=1 LUT3=1)
  Clock Path Skew:        2.017ns (DCD - SCD - CPR)
    Destination Clock Delay (DCD):    2.017ns
    Source Clock Delay      (SCD):    0.000ns
    Clock Pessimism Removal (CPR):    -0.000ns

    Location             Delay type                Incr(ns)  Path(ns)    Netlist Resource(s)
  -------------------------------------------------------------------    -------------------
    G15                                               0.000     0.000 r  led_en (IN)
                         net (fo=0)                   0.000     0.000    led_en
    G15                  IBUF (Prop_ibuf_I_O)         0.220     0.220 r  led_en_IBUF_inst/O
                         net (fo=27, routed)          0.521     0.742    led_en_IBUF
    SLICE_X43Y55         LUT3 (Prop_lut3_I1_O)        0.045     0.787 r  counter[19]_i_1/O
                         net (fo=1, routed)           0.000     0.787    p_1_in[19]
    SLICE_X43Y55         FDRE                                         r  counter_reg[19]/D
  -------------------------------------------------------------------    -------------------

                         (clock sys_clk_pin rise edge)
                                                      0.000     0.000 r  
    K17                                               0.000     0.000 r  sysclk (IN)
                         net (fo=0)                   0.000     0.000    sysclk
    K17                  IBUF (Prop_ibuf_I_O)         0.447     0.447 r  sysclk_IBUF_inst/O
                         net (fo=1, routed)           0.683     1.130    sysclk_IBUF
    BUFGCTRL_X0Y16       BUFG (Prop_bufg_I_O)         0.029     1.159 r  sysclk_IBUF_BUFG_inst/O
                         net (fo=27, routed)          0.858     2.017    sysclk_IBUF_BUFG
    SLICE_X43Y55         FDRE                                         r  counter_reg[19]/C

Slack:                    inf
  Source:                 led_en
                            (input port)
  Destination:            counter_reg[14]/D
                            (rising edge-triggered cell FDRE clocked by sys_clk_pin  {rise@0.000ns fall@4.000ns period=8.000ns})
  Path Group:             (none)
  Path Type:              Hold (Min at Fast Process Corner)
  Data Path Delay:        0.797ns  (logic 0.265ns (33.323%)  route 0.531ns (66.677%))
  Logic Levels:           2  (IBUF=1 LUT3=1)
  Clock Path Skew:        2.017ns (DCD - SCD - CPR)
    Destination Clock Delay (DCD):    2.017ns
    Source Clock Delay      (SCD):    0.000ns
    Clock Pessimism Removal (CPR):    -0.000ns

    Location             Delay type                Incr(ns)  Path(ns)    Netlist Resource(s)
  -------------------------------------------------------------------    -------------------
    G15                                               0.000     0.000 r  led_en (IN)
                         net (fo=0)                   0.000     0.000    led_en
    G15                  IBUF (Prop_ibuf_I_O)         0.220     0.220 r  led_en_IBUF_inst/O
                         net (fo=27, routed)          0.531     0.752    led_en_IBUF
    SLICE_X43Y54         LUT3 (Prop_lut3_I1_O)        0.045     0.797 r  counter[14]_i_1/O
                         net (fo=1, routed)           0.000     0.797    p_1_in[14]
    SLICE_X43Y54         FDRE                                         r  counter_reg[14]/D
  -------------------------------------------------------------------    -------------------

                         (clock sys_clk_pin rise edge)
                                                      0.000     0.000 r  
    K17                                               0.000     0.000 r  sysclk (IN)
                         net (fo=0)                   0.000     0.000    sysclk
    K17                  IBUF (Prop_ibuf_I_O)         0.447     0.447 r  sysclk_IBUF_inst/O
                         net (fo=1, routed)           0.683     1.130    sysclk_IBUF
    BUFGCTRL_X0Y16       BUFG (Prop_bufg_I_O)         0.029     1.159 r  sysclk_IBUF_BUFG_inst/O
                         net (fo=27, routed)          0.858     2.017    sysclk_IBUF_BUFG
    SLICE_X43Y54         FDRE                                         r  counter_reg[14]/C

Slack:                    inf
  Source:                 led_en
                            (input port)
  Destination:            counter_reg[15]/D
                            (rising edge-triggered cell FDRE clocked by sys_clk_pin  {rise@0.000ns fall@4.000ns period=8.000ns})
  Path Group:             (none)
  Path Type:              Hold (Min at Fast Process Corner)
  Data Path Delay:        0.797ns  (logic 0.265ns (33.323%)  route 0.531ns (66.677%))
  Logic Levels:           2  (IBUF=1 LUT3=1)
  Clock Path Skew:        2.017ns (DCD - SCD - CPR)
    Destination Clock Delay (DCD):    2.017ns
    Source Clock Delay      (SCD):    0.000ns
    Clock Pessimism Removal (CPR):    -0.000ns

    Location             Delay type                Incr(ns)  Path(ns)    Netlist Resource(s)
  -------------------------------------------------------------------    -------------------
    G15                                               0.000     0.000 r  led_en (IN)
                         net (fo=0)                   0.000     0.000    led_en
    G15                  IBUF (Prop_ibuf_I_O)         0.220     0.220 r  led_en_IBUF_inst/O
                         net (fo=27, routed)          0.531     0.752    led_en_IBUF
    SLICE_X43Y54         LUT3 (Prop_lut3_I1_O)        0.045     0.797 r  counter[15]_i_1/O
                         net (fo=1, routed)           0.000     0.797    p_1_in[15]
    SLICE_X43Y54         FDRE                                         r  counter_reg[15]/D
  -------------------------------------------------------------------    -------------------

                         (clock sys_clk_pin rise edge)
                                                      0.000     0.000 r  
    K17                                               0.000     0.000 r  sysclk (IN)
                         net (fo=0)                   0.000     0.000    sysclk
    K17                  IBUF (Prop_ibuf_I_O)         0.447     0.447 r  sysclk_IBUF_inst/O
                         net (fo=1, routed)           0.683     1.130    sysclk_IBUF
    BUFGCTRL_X0Y16       BUFG (Prop_bufg_I_O)         0.029     1.159 r  sysclk_IBUF_BUFG_inst/O
                         net (fo=27, routed)          0.858     2.017    sysclk_IBUF_BUFG
    SLICE_X43Y54         FDRE                                         r  counter_reg[15]/C

Slack:                    inf
  Source:                 led_en
                            (input port)
  Destination:            counter_reg[24]/D
                            (rising edge-triggered cell FDRE clocked by sys_clk_pin  {rise@0.000ns fall@4.000ns period=8.000ns})
  Path Group:             (none)
  Path Type:              Hold (Min at Fast Process Corner)
  Data Path Delay:        0.851ns  (logic 0.265ns (31.184%)  route 0.586ns (68.816%))
  Logic Levels:           2  (IBUF=1 LUT3=1)
  Clock Path Skew:        2.017ns (DCD - SCD - CPR)
    Destination Clock Delay (DCD):    2.017ns
    Source Clock Delay      (SCD):    0.000ns
    Clock Pessimism Removal (CPR):    -0.000ns

    Location             Delay type                Incr(ns)  Path(ns)    Netlist Resource(s)
  -------------------------------------------------------------------    -------------------
    G15                                               0.000     0.000 r  led_en (IN)
                         net (fo=0)                   0.000     0.000    led_en
    G15                  IBUF (Prop_ibuf_I_O)         0.220     0.220 r  led_en_IBUF_inst/O
                         net (fo=27, routed)          0.586     0.806    led_en_IBUF
    SLICE_X43Y56         LUT3 (Prop_lut3_I1_O)        0.045     0.851 r  counter[24]_i_1/O
                         net (fo=1, routed)           0.000     0.851    p_1_in[24]
    SLICE_X43Y56         FDRE                                         r  counter_reg[24]/D
  -------------------------------------------------------------------    -------------------

                         (clock sys_clk_pin rise edge)
                                                      0.000     0.000 r  
    K17                                               0.000     0.000 r  sysclk (IN)
                         net (fo=0)                   0.000     0.000    sysclk
    K17                  IBUF (Prop_ibuf_I_O)         0.447     0.447 r  sysclk_IBUF_inst/O
                         net (fo=1, routed)           0.683     1.130    sysclk_IBUF
    BUFGCTRL_X0Y16       BUFG (Prop_bufg_I_O)         0.029     1.159 r  sysclk_IBUF_BUFG_inst/O
                         net (fo=27, routed)          0.858     2.017    sysclk_IBUF_BUFG
    SLICE_X43Y56         FDRE                                         r  counter_reg[24]/C

Slack:                    inf
  Source:                 led_en
                            (input port)
  Destination:            counter_reg[25]/D
                            (rising edge-triggered cell FDRE clocked by sys_clk_pin  {rise@0.000ns fall@4.000ns period=8.000ns})
  Path Group:             (none)
  Path Type:              Hold (Min at Fast Process Corner)
  Data Path Delay:        0.857ns  (logic 0.271ns (31.665%)  route 0.586ns (68.335%))
  Logic Levels:           2  (IBUF=1 LUT3=1)
  Clock Path Skew:        2.017ns (DCD - SCD - CPR)
    Destination Clock Delay (DCD):    2.017ns
    Source Clock Delay      (SCD):    0.000ns
    Clock Pessimism Removal (CPR):    -0.000ns

    Location             Delay type                Incr(ns)  Path(ns)    Netlist Resource(s)
  -------------------------------------------------------------------    -------------------
    G15                                               0.000     0.000 r  led_en (IN)
                         net (fo=0)                   0.000     0.000    led_en
    G15                  IBUF (Prop_ibuf_I_O)         0.220     0.220 r  led_en_IBUF_inst/O
                         net (fo=27, routed)          0.586     0.806    led_en_IBUF
    SLICE_X43Y56         LUT3 (Prop_lut3_I1_O)        0.051     0.857 r  counter[25]_i_2/O
                         net (fo=1, routed)           0.000     0.857    p_1_in[25]
    SLICE_X43Y56         FDRE                                         r  counter_reg[25]/D
  -------------------------------------------------------------------    -------------------

                         (clock sys_clk_pin rise edge)
                                                      0.000     0.000 r  
    K17                                               0.000     0.000 r  sysclk (IN)
                         net (fo=0)                   0.000     0.000    sysclk
    K17                  IBUF (Prop_ibuf_I_O)         0.447     0.447 r  sysclk_IBUF_inst/O
                         net (fo=1, routed)           0.683     1.130    sysclk_IBUF
    BUFGCTRL_X0Y16       BUFG (Prop_bufg_I_O)         0.029     1.159 r  sysclk_IBUF_BUFG_inst/O
                         net (fo=27, routed)          0.858     2.017    sysclk_IBUF_BUFG
    SLICE_X43Y56         FDRE                                         r  counter_reg[25]/C

Slack:                    inf
  Source:                 led_en
                            (input port)
  Destination:            led_out_reg/D
                            (rising edge-triggered cell FDRE clocked by sys_clk_pin  {rise@0.000ns fall@4.000ns period=8.000ns})
  Path Group:             (none)
  Path Type:              Hold (Min at Fast Process Corner)
  Data Path Delay:        0.859ns  (logic 0.265ns (30.900%)  route 0.594ns (69.100%))
  Logic Levels:           2  (IBUF=1 LUT5=1)
  Clock Path Skew:        2.017ns (DCD - SCD - CPR)
    Destination Clock Delay (DCD):    2.017ns
    Source Clock Delay      (SCD):    0.000ns
    Clock Pessimism Removal (CPR):    -0.000ns

    Location             Delay type                Incr(ns)  Path(ns)    Netlist Resource(s)
  -------------------------------------------------------------------    -------------------
    G15                                               0.000     0.000 r  led_en (IN)
                         net (fo=0)                   0.000     0.000    led_en
    G15                  IBUF (Prop_ibuf_I_O)         0.220     0.220 r  led_en_IBUF_inst/O
                         net (fo=27, routed)          0.594     0.814    led_en_IBUF
    SLICE_X43Y53         LUT5 (Prop_lut5_I3_O)        0.045     0.859 r  led_out_i_1/O
                         net (fo=1, routed)           0.000     0.859    led_out_i_1_n_0
    SLICE_X43Y53         FDRE                                         r  led_out_reg/D
  -------------------------------------------------------------------    -------------------

                         (clock sys_clk_pin rise edge)
                                                      0.000     0.000 r  
    K17                                               0.000     0.000 r  sysclk (IN)
                         net (fo=0)                   0.000     0.000    sysclk
    K17                  IBUF (Prop_ibuf_I_O)         0.447     0.447 r  sysclk_IBUF_inst/O
                         net (fo=1, routed)           0.683     1.130    sysclk_IBUF
    BUFGCTRL_X0Y16       BUFG (Prop_bufg_I_O)         0.029     1.159 r  sysclk_IBUF_BUFG_inst/O
                         net (fo=27, routed)          0.858     2.017    sysclk_IBUF_BUFG
    SLICE_X43Y53         FDRE                                         r  led_out_reg/C

Slack:                    inf
  Source:                 led_en
                            (input port)
  Destination:            counter_reg[17]/D
                            (rising edge-triggered cell FDRE clocked by sys_clk_pin  {rise@0.000ns fall@4.000ns period=8.000ns})
  Path Group:             (none)
  Path Type:              Hold (Min at Fast Process Corner)
  Data Path Delay:        0.870ns  (logic 0.264ns (30.418%)  route 0.605ns (69.582%))
  Logic Levels:           2  (IBUF=1 LUT3=1)
  Clock Path Skew:        2.017ns (DCD - SCD - CPR)
    Destination Clock Delay (DCD):    2.017ns
    Source Clock Delay      (SCD):    0.000ns
    Clock Pessimism Removal (CPR):    -0.000ns

    Location             Delay type                Incr(ns)  Path(ns)    Netlist Resource(s)
  -------------------------------------------------------------------    -------------------
    G15                                               0.000     0.000 r  led_en (IN)
                         net (fo=0)                   0.000     0.000    led_en
    G15                  IBUF (Prop_ibuf_I_O)         0.220     0.220 r  led_en_IBUF_inst/O
                         net (fo=27, routed)          0.605     0.826    led_en_IBUF
    SLICE_X43Y55         LUT3 (Prop_lut3_I1_O)        0.044     0.870 r  counter[17]_i_1/O
                         net (fo=1, routed)           0.000     0.870    p_1_in[17]
    SLICE_X43Y55         FDRE                                         r  counter_reg[17]/D
  -------------------------------------------------------------------    -------------------

                         (clock sys_clk_pin rise edge)
                                                      0.000     0.000 r  
    K17                                               0.000     0.000 r  sysclk (IN)
                         net (fo=0)                   0.000     0.000    sysclk
    K17                  IBUF (Prop_ibuf_I_O)         0.447     0.447 r  sysclk_IBUF_inst/O
                         net (fo=1, routed)           0.683     1.130    sysclk_IBUF
    BUFGCTRL_X0Y16       BUFG (Prop_bufg_I_O)         0.029     1.159 r  sysclk_IBUF_BUFG_inst/O
                         net (fo=27, routed)          0.858     2.017    sysclk_IBUF_BUFG
    SLICE_X43Y55         FDRE                                         r  counter_reg[17]/C

Slack:                    inf
  Source:                 led_en
                            (input port)
  Destination:            counter_reg[16]/D
                            (rising edge-triggered cell FDRE clocked by sys_clk_pin  {rise@0.000ns fall@4.000ns period=8.000ns})
  Path Group:             (none)
  Path Type:              Hold (Min at Fast Process Corner)
  Data Path Delay:        0.871ns  (logic 0.265ns (30.498%)  route 0.605ns (69.502%))
  Logic Levels:           2  (IBUF=1 LUT3=1)
  Clock Path Skew:        2.017ns (DCD - SCD - CPR)
    Destination Clock Delay (DCD):    2.017ns
    Source Clock Delay      (SCD):    0.000ns
    Clock Pessimism Removal (CPR):    -0.000ns

    Location             Delay type                Incr(ns)  Path(ns)    Netlist Resource(s)
  -------------------------------------------------------------------    -------------------
    G15                                               0.000     0.000 r  led_en (IN)
                         net (fo=0)                   0.000     0.000    led_en
    G15                  IBUF (Prop_ibuf_I_O)         0.220     0.220 r  led_en_IBUF_inst/O
                         net (fo=27, routed)          0.605     0.826    led_en_IBUF
    SLICE_X43Y55         LUT3 (Prop_lut3_I1_O)        0.045     0.871 r  counter[16]_i_1/O
                         net (fo=1, routed)           0.000     0.871    p_1_in[16]
    SLICE_X43Y55         FDRE                                         r  counter_reg[16]/D
  -------------------------------------------------------------------    -------------------

                         (clock sys_clk_pin rise edge)
                                                      0.000     0.000 r  
    K17                                               0.000     0.000 r  sysclk (IN)
                         net (fo=0)                   0.000     0.000    sysclk
    K17                  IBUF (Prop_ibuf_I_O)         0.447     0.447 r  sysclk_IBUF_inst/O
                         net (fo=1, routed)           0.683     1.130    sysclk_IBUF
    BUFGCTRL_X0Y16       BUFG (Prop_bufg_I_O)         0.029     1.159 r  sysclk_IBUF_BUFG_inst/O
                         net (fo=27, routed)          0.858     2.017    sysclk_IBUF_BUFG
    SLICE_X43Y55         FDRE                                         r  counter_reg[16]/C

Slack:                    inf
  Source:                 led_en
                            (input port)
  Destination:            counter_reg[11]/D
                            (rising edge-triggered cell FDRE clocked by sys_clk_pin  {rise@0.000ns fall@4.000ns period=8.000ns})
  Path Group:             (none)
  Path Type:              Hold (Min at Fast Process Corner)
  Data Path Delay:        0.881ns  (logic 0.264ns (30.031%)  route 0.616ns (69.969%))
  Logic Levels:           2  (IBUF=1 LUT3=1)
  Clock Path Skew:        2.017ns (DCD - SCD - CPR)
    Destination Clock Delay (DCD):    2.017ns
    Source Clock Delay      (SCD):    0.000ns
    Clock Pessimism Removal (CPR):    -0.000ns

    Location             Delay type                Incr(ns)  Path(ns)    Netlist Resource(s)
  -------------------------------------------------------------------    -------------------
    G15                                               0.000     0.000 r  led_en (IN)
                         net (fo=0)                   0.000     0.000    led_en
    G15                  IBUF (Prop_ibuf_I_O)         0.220     0.220 r  led_en_IBUF_inst/O
                         net (fo=27, routed)          0.616     0.837    led_en_IBUF
    SLICE_X43Y54         LUT3 (Prop_lut3_I1_O)        0.044     0.881 r  counter[11]_i_1/O
                         net (fo=1, routed)           0.000     0.881    p_1_in[11]
    SLICE_X43Y54         FDRE                                         r  counter_reg[11]/D
  -------------------------------------------------------------------    -------------------

                         (clock sys_clk_pin rise edge)
                                                      0.000     0.000 r  
    K17                                               0.000     0.000 r  sysclk (IN)
                         net (fo=0)                   0.000     0.000    sysclk
    K17                  IBUF (Prop_ibuf_I_O)         0.447     0.447 r  sysclk_IBUF_inst/O
                         net (fo=1, routed)           0.683     1.130    sysclk_IBUF
    BUFGCTRL_X0Y16       BUFG (Prop_bufg_I_O)         0.029     1.159 r  sysclk_IBUF_BUFG_inst/O
                         net (fo=27, routed)          0.858     2.017    sysclk_IBUF_BUFG
    SLICE_X43Y54         FDRE                                         r  counter_reg[11]/C





